"section","arm","metric","value"
"arm","1","segments",58613
"arm","1","km",9033.096
"arm","1","blue_lines",6753
"arm","1","waterbodies",3666
"arm","1","floodplain_km2",651.917185836646
"arm","1","waterbody_share",0.415842554581741
"arm","1","t_delin_min",2.81333333333333
"arm","1","t_attr_blk_min",87.015
"arm","1","attr_rows",5817
"arm","1","fallback_cells",1309
"arm","1","peak_rss_gb",9.019775390625
"arm","2","segments",20812
"arm","2","km",3471.053
"arm","2","blue_lines",1711
"arm","2","waterbodies",1178
"arm","2","floodplain_km2",478.839048669319
"arm","2","waterbody_share",0.502880559751067
"arm","2","t_delin_min",1.85
"arm","2","t_attr_blk_min",33.0316666666667
"arm","2","attr_rows",1633
"arm","2","fallback_cells",6988
"arm","2","peak_rss_gb",7.91842651367188
"arm","3","segments",7606
"arm","3","km",1650.897
"arm","3","blue_lines",401
"arm","3","waterbodies",478
"arm","3","floodplain_km2",374.779919861169
"arm","3","waterbody_share",0.562883602328546
"arm","3","t_delin_min",1.405
"arm","3","t_attr_blk_min",17.64
"arm","3","attr_rows",397
"arm","3","fallback_cells",14171
"arm","3","peak_rss_gb",8.87164306640625
"arm","4","segments",14641
"arm","4","km",2835.318
"arm","4","blue_lines",1195
"arm","4","waterbodies",989
"arm","4","floodplain_km2",454.492744413817
"arm","4","waterbody_share",0.504443801497975
"arm","4","t_delin_min",1.69833333333333
"arm","4","t_attr_blk_min",28.925
"arm","4","attr_rows",1108
"arm","4","fallback_cells",3692
"arm","4","peak_rss_gb",9.12312316894531
"arm","5","segments",4877
"arm","5","km",1295.578
"arm","5","blue_lines",340
"arm","5","waterbodies",412
"arm","5","floodplain_km2",356.541721910839
"arm","5","waterbody_share",0.578132101885352
"arm","5","t_delin_min",1.22166666666667
"arm","5","t_attr_blk_min",13.8316666666667
"arm","5","attr_rows",339
"arm","5","fallback_cells",14170
"arm","5","peak_rss_gb",9.30470275878906
"dem","common","t_fetch_min",0.875
"dem","common","ncell",18087342
"dem","common","peak_rss_gb",3.30622863769531
"seg","3","groups",7606
"seg","3","t_attr_seg_min",31.4683333333333
"seg","3","attr_rows",6908
"seg","3","peak_rss_gb",2.74632263183594
"attr_fit","blk","intercept_s",790.26593915398
"attr_fit","blk","s_per_group",0.661083683099048
"attr_fit","seg","s_per_group_arm3",0.248238232973968
"overlap","1_vs_2","both_ha",47059.0882680815
"overlap","1_vs_2","gained_ha",18132.6303155831
"overlap","1_vs_2","lost_ha",824.816598850411
"overlap","1_vs_2","gained_in_waterbody_ha",2494.0816724866
"overlap","1_vs_2","gained_outside_wb_share",0.862453398702824
"overlap","1_vs_2","gained_share_of_b",0.378679023065751
"overlap","2_vs_3","both_ha",36975.7122923744
"overlap","2_vs_3","gained_ha",10908.1925745576
"overlap","2_vs_3","lost_ha",502.279693742521
"overlap","2_vs_3","gained_in_waterbody_ha",2144.31942999665
"overlap","2_vs_3","gained_outside_wb_share",0.803421197843712
"overlap","2_vs_3","gained_share_of_b",0.291055950345427
"overlap","4_vs_3","both_ha",37169.9011783954
"overlap","4_vs_3","gained_ha",8279.37326298627
"overlap","4_vs_3","lost_ha",308.090807721491
"overlap","4_vs_3","gained_in_waterbody_ha",996.873322849969
"overlap","4_vs_3","gained_outside_wb_share",0.879595557394835
"overlap","4_vs_3","gained_share_of_b",0.220912936478914
"overlap","3_vs_5","both_ha",35653.3387623885
"overlap","3_vs_5","gained_ha",1824.65322372836
"overlap","3_vs_5","lost_ha",0.833428695369227
"overlap","3_vs_5","gained_in_waterbody_ha",482.92562737228
"overlap","3_vs_5","gained_outside_wb_share",0.735332927324401
"overlap","3_vs_5","gained_share_of_b",0.0511764293376205
"overlap","1_vs_5","both_ha",35202.268631817
"overlap","1_vs_5","gained_ha",29989.4499518476
"overlap","1_vs_5","lost_ha",451.90355926687
"overlap","1_vs_5","gained_in_waterbody_ha",5324.40552196049
"overlap","1_vs_5","gained_outside_wb_share",0.822457379828253
"overlap","1_vs_5","gained_share_of_b",0.841120354474172
"overlap","2_vs_5","both_ha",35210.3251092056
"overlap","2_vs_5","gained_ha",12673.5797577263
"overlap","2_vs_5","lost_ha",443.8470818783
"overlap","2_vs_5","gained_in_waterbody_ha",2635.67194751099
"overlap","2_vs_5","gained_outside_wb_share",0.792034137323815
"overlap","2_vs_5","gained_share_of_b",0.355458533430644
"overlap","4_vs_5","both_ha",35394.5128508822
"overlap","4_vs_5","gained_ha",10054.7615904995
"overlap","4_vs_5","lost_ha",259.659340201701
"overlap","4_vs_5","gained_in_waterbody_ha",1486.00336384333
"overlap","4_vs_5","gained_outside_wb_share",0.852208990688807
"overlap","4_vs_5","gained_share_of_b",0.282007994369138
"extent","5","anchor_ha",35618.0139163268
"extent","5","common_grid_ha",35654.1721910839
"extent","5","diff_pct",0.10151681910736
"toolchain","5","published_ha",35769.1396572881
"toolchain","5","today_ha",35618.0139163268
"coho_reach","1","reach_ha",44004.9425123068
"coho_reach","1","arm5_reach_ha",34343.8370755867
"coho_reach","1","gained_ha",10111.3421385962
"coho_reach","1","gained_in_waterbody_ha",1010.20818197588
"coho_reach","1","lost_ha",450.236701876131
"coho_reach","1","moved_share",0.307524718837547
"coho_reach","2","reach_ha",39168.3705867024
"coho_reach","2","arm5_reach_ha",34343.8370755867
"coho_reach","2","gained_ha",5267.17675154514
"coho_reach","2","gained_in_waterbody_ha",601.550311679833
"coho_reach","2","lost_ha",442.643240429434
"coho_reach","2","moved_share",0.16625457369274
"coho_reach","3","reach_ha",34899.3636026445
"coho_reach","3","arm5_reach_ha",34343.8370755867
"coho_reach","3","gained_ha",556.359955753146
"coho_reach","3","gained_in_waterbody_ha",16.3907643422615
"coho_reach","3","lost_ha",0.833428695369227
"coho_reach","3","moved_share",0.0162239700596703
"coho_reach","4","reach_ha",37217.6844235966
"coho_reach","4","arm5_reach_ha",34343.8370755867
"coho_reach","4","gained_ha",3132.85846589292
"coho_reach","4","gained_in_waterbody_ha",326.518842207988
"coho_reach","4","lost_ha",259.011117883081
"coho_reach","4","moved_share",0.0987621032650167
"coho_blk","1","blk",339
"coho_blk","1","ha_5",69319.8761181973
"coho_blk","1","ha_k",93804.6221403395
"coho_blk","1","median_ratio",1.59146341463717
"coho_blk","1","share_up_10pct",0.849557522123894
"coho_blk","1","share_down_10pct",0.00294985250737463
"coho_blk","2","blk",339
"coho_blk","2","ha_5",69319.8761181973
"coho_blk","2","ha_k",82185.6074918033
"coho_blk","2","median_ratio",1.2708333333337
"coho_blk","2","share_up_10pct",0.707964601769911
"coho_blk","2","share_down_10pct",0.00589970501474926
"coho_blk","3","blk",339
"coho_blk","3","ha_5",69319.8761181973
"coho_blk","3","ha_k",71555.2244823611
"coho_blk","3","median_ratio",1.003717472119
"coho_blk","3","share_up_10pct",0.212389380530973
"coho_blk","3","share_down_10pct",0
"coho_blk","4","blk",339
"coho_blk","4","ha_5",69319.8761181973
"coho_blk","4","ha_k",76668.957750796
"coho_blk","4","median_ratio",1.08327351040914
"coho_blk","4","share_up_10pct",0.469026548672566
"coho_blk","4","share_down_10pct",0.00884955752212389
"habitat","1","km",4377.6
"habitat","1","rearing_co_km",34.5
"habitat","1","rearing_ch_km",5.5
"habitat","1","spawning_co_km",2.1
"habitat","1","spawning_ch_km",0.3
"habitat","1_bypass","km",1184.4
"habitat","1_bypass","rearing_co_km",22.1
"habitat","1_bypass","rearing_ch_km",10.2
"habitat","1_bypass","spawning_co_km",6.7
"habitat","1_bypass","spawning_ch_km",5
"habitat","2","km",1820.2
"habitat","2","rearing_co_km",251.8
"habitat","2","rearing_ch_km",140.1
"habitat","2","spawning_co_km",129.1
"habitat","2","spawning_ch_km",25.5
"habitat","3+","km",1650.9
"habitat","3+","rearing_co_km",916.4
"habitat","3+","rearing_ch_km",723.6
"habitat","3+","spawning_co_km",773.5
"habitat","3+","spawning_ch_km",612.9
"habitat_below_3","share","rearing_co_km",0.251796211626388
"habitat_below_3","share","rearing_ch_km",0.177166249715715
"habitat_below_3","share","spawning_co_km",0.151305683563748
"habitat_below_3","share","spawning_ch_km",0.0478483765729377
"rule","2_vs_3","cost_min",35.7566666666667
"rule","2_vs_3","peak_rss_gb",7.91842651367188
"rule","2_vs_3","added_share_of_arm3",0.291055950345427
"rule","2_vs_3","outside_wb_share",0.803421197843712
"rule","2_vs_3","affordable",1
"rule","2_vs_3","adds_floodplain",1
"rule","2_vs_3","supersedes",1
"rule","1_vs_2","cost_min",90.7033333333333
"rule","1_vs_2","peak_rss_gb",9.019775390625
"rule","1_vs_2","added_share_of_arm3",0.483820753318376
"rule","1_vs_2","outside_wb_share",0.862453398702824
"rule","1_vs_2","affordable",0
"rule","1_vs_2","adds_floodplain",1
"rule","1_vs_2","supersedes",1
"rule","4_vs_3","cost_min",31.4983333333333
"rule","4_vs_3","peak_rss_gb",9.12312316894531
"rule","4_vs_3","added_share_of_arm3",0.220912936478914
"rule","4_vs_3","outside_wb_share",0.879595557394835
"rule","4_vs_3","affordable",1
"rule","4_vs_3","adds_floodplain",1
"rule","4_vs_3","supersedes",1
"grain","1","seg_attr_min_est",242.499792488386
"grain","1","seg_affordable",0
"grain","2","seg_attr_min_est",86.1055684109037
"grain","2","seg_affordable",0
"grain","3","seg_attr_min_est",31.4683333333333
"grain","3","seg_affordable",1
"grain","4","seg_attr_min_est",60.5742661495311
"grain","4","seg_affordable",0
"grain","5","seg_attr_min_est",20.1776310369007
"grain","5","seg_affordable",1
