"review_id","point_id","cell","stratum","map_class","batch","second"
1,"17_00009",22170746,17,2007,1,FALSE
2,"1_00029",9849874,1,2011,1,FALSE
3,"20_00016",37385863,20,2002,1,FALSE
4,"2_00015",23743309,2,2005,1,FALSE
5,"17_00004",16670925,17,2007,1,FALSE
6,"13_00002",20674235,13,11005,1,FALSE
7,"14_00003",37416117,14,5002,1,FALSE
8,"12_00027",2023887,12,11002,1,FALSE
9,"19_00006",21617122,19,11005,1,FALSE
10,"19_00004",36212859,19,11002,1,FALSE
11,"10_00026",34698254,10,8011,1,FALSE
12,"18_00028",36165580,18,8002,1,FALSE
13,"16_00025",45343134,16,2001,1,FALSE
14,"1_00008",6450870,1,2011,1,FALSE
15,"19_00009",44697046,19,11005,1,FALSE
16,"20_00004",17028635,20,5005,1,FALSE
17,"19_00018",41472158,19,11002,1,FALSE
18,"16_00017",19394747,16,1011,1,FALSE
19,"30_00030",32660818,30,11011,1,FALSE
20,"14_00009",23090523,14,2005,1,FALSE
21,"31_00005",48189887,31,2002,1,TRUE
22,"16_00021",46648976,16,2001,1,FALSE
23,"30_00026",44714786,30,11011,1,FALSE
24,"18_00004",20748779,18,11007,1,FALSE
25,"19_00017",47336366,19,2011,1,FALSE
26,"12_00013",48792953,12,11002,1,FALSE
27,"19_00028",49241612,19,2011,1,TRUE
28,"12_00018",33069005,12,11002,1,FALSE
29,"17_00011",39887515,17,2007,1,TRUE
30,"31_00025",16116793,31,2002,1,FALSE
31,"31_00019",27393630,31,2002,1,FALSE
32,"30_00011",31387042,30,2002,1,FALSE
33,"15_00030",22480998,15,9007,1,FALSE
34,"2_00021",16598721,2,2005,1,FALSE
35,"17_00023",13680365,17,2007,1,FALSE
36,"16_00002",24951936,16,2001,1,FALSE
37,"1_00026",5565218,1,2011,1,FALSE
38,"20_00013",21792169,20,1001,1,FALSE
39,"19_00007",40774386,19,11002,1,FALSE
40,"30_00025",38119234,30,11011,1,FALSE
41,"11_00002",3428343,11,2011,1,FALSE
42,"19_00025",36203921,19,11002,1,FALSE
43,"11_00024",44073163,11,2011,1,FALSE
44,"1_00018",6004102,1,2011,1,TRUE
45,"2_00013",11560853,2,2005,1,FALSE
46,"14_00025",3025841,14,5002,1,FALSE
47,"11_00009",32027582,11,2011,1,FALSE
48,"12_00020",20679289,12,11002,1,FALSE
49,"18_00024",20748402,18,8007,1,FALSE
50,"18_00016",8921678,18,8002,1,FALSE
51,"32_00015",38115030,32,1001,1,FALSE
52,"32_00029",34831216,32,1001,1,FALSE
53,"11_00030",29893039,11,2011,1,TRUE
54,"19_00010",43265919,19,2011,1,FALSE
55,"15_00009",21407607,15,9002,1,FALSE
56,"18_00012",13427916,18,8002,1,FALSE
57,"30_00001",11712320,30,2002,1,FALSE
58,"17_00020",33095796,17,2007,1,FALSE
59,"13_00004",30715333,13,5011,1,FALSE
60,"19_00016",51512774,19,2011,1,FALSE
61,"18_00007",33017442,18,8011,1,FALSE
62,"10_00017",34404593,10,2011,1,FALSE
63,"13_00024",31597524,13,5011,1,FALSE
64,"15_00001",46019685,15,9002,1,FALSE
65,"1_00017",6218715,1,2011,1,FALSE
66,"30_00024",30378746,30,11011,1,FALSE
67,"32_00024",24950594,32,1001,1,FALSE
68,"11_00010",15504713,11,2011,1,FALSE
69,"19_00020",35944576,19,11002,1,FALSE
70,"18_00025",20775603,18,11007,1,FALSE
71,"15_00026",22167885,15,9002,1,FALSE
72,"13_00021",40595041,13,11005,1,TRUE
73,"13_00012",16372321,13,11005,1,FALSE
74,"16_00003",21616927,16,1005,1,FALSE
75,"32_00014",27608188,32,1001,1,FALSE
76,"10_00028",23010013,10,11005,1,FALSE
77,"13_00016",38309599,13,5011,1,FALSE
78,"1_00015",6397720,1,2011,1,FALSE
79,"20_00021",37586184,20,11011,1,FALSE
80,"12_00017",20294119,12,11002,1,FALSE
81,"18_00020",28729092,18,8005,1,FALSE
82,"10_00006",33336574,10,2011,1,FALSE
83,"16_00005",47364408,16,8001,1,FALSE
84,"14_00015",15730750,14,5002,1,FALSE
85,"18_00030",19809425,18,8007,1,FALSE
86,"15_00024",17507072,15,9007,1,FALSE
87,"14_00016",16705197,14,5002,1,FALSE
88,"11_00025",33768330,11,2011,1,FALSE
89,"2_00025",23779090,2,2005,1,FALSE
90,"10_00004",23302886,10,2011,1,FALSE
91,"16_00024",35849640,16,5001,1,FALSE
92,"19_00005",40971178,19,11002,1,FALSE
93,"15_00014",22185777,15,9002,1,TRUE
94,"12_00009",41922828,12,11002,1,FALSE
95,"19_00008",21599280,19,11005,1,TRUE
96,"2_00005",30574811,2,2011,1,FALSE
97,"18_00015",37104817,18,8002,1,FALSE
98,"1_00022",6397541,1,2011,1,TRUE
99,"10_00009",30914634,10,8011,1,FALSE
100,"16_00020",19215865,16,1002,1,FALSE
101,"11_00020",36906320,11,2011,1,FALSE
102,"31_00016",20507561,31,2002,1,FALSE
103,"15_00012",17301520,15,9005,1,FALSE
104,"13_00013",38774702,13,5011,1,FALSE
105,"17_00022",15530118,17,2007,1,FALSE
106,"2_00002",46414724,2,2011,1,FALSE
107,"10_00001",27240984,10,1004,1,FALSE
108,"20_00011",18983298,20,2002,1,FALSE
109,"31_00017",25983296,31,2002,1,FALSE
110,"32_00003",44070971,32,11011,1,FALSE
111,"32_00007",32808995,32,1001,1,FALSE
112,"11_00006",38676119,11,2011,1,TRUE
113,"30_00021",51565928,30,2002,1,FALSE
114,"11_00017",39105876,11,2011,1,FALSE
115,"10_00023",37212152,10,8002,1,FALSE
116,"31_00008",41609700,31,2002,1,FALSE
117,"10_00003",20354920,10,4002,1,FALSE
118,"19_00021",51360683,19,2011,1,FALSE
119,"14_00028",12080199,14,5002,1,TRUE
120,"20_00007",42442634,20,11011,1,FALSE
121,"12_00023",14478923,12,11002,1,TRUE
122,"32_00017",28073264,32,1001,1,FALSE
123,"2_00006",38774609,2,2011,1,FALSE
124,"18_00006",17259218,18,7011,1,FALSE
125,"17_00021",23727658,17,2007,1,FALSE
126,"15_00002",17471292,15,9002,1,FALSE
127,"17_00010",33203153,17,2007,1,FALSE
128,"1_00010",6549767,1,2011,1,FALSE
129,"11_00018",49660861,11,2011,1,FALSE
130,"20_00018",23039777,20,4004,1,FALSE
131,"13_00005",38220152,13,5011,1,FALSE
132,"17_00025",21177863,17,2007,1,FALSE
133,"13_00001",35178721,13,11005,1,FALSE
134,"20_00017",27965530,20,2002,1,FALSE
135,"20_00010",19666335,20,7007,1,FALSE
136,"20_00024",13347383,20,8008,1,FALSE
137,"20_00029",19403709,20,11011,1,FALSE
138,"1_00001",7667408,1,2011,1,FALSE
139,"31_00009",21729150,31,2002,1,FALSE
140,"10_00024",31606523,10,5011,1,FALSE
141,"19_00027",46253361,19,2011,1,TRUE
142,"2_00030",11632415,2,2005,1,FALSE
143,"15_00004",46019680,15,9011,1,TRUE
144,"13_00011",27723788,13,11005,1,FALSE
145,"16_00030",17775586,16,1002,1,FALSE
146,"14_00001",30420054,14,5002,1,FALSE
147,"30_00029",6245425,30,2002,1,FALSE
148,"11_00005",26398124,11,2011,1,FALSE
149,"12_00003",39929167,12,11002,1,FALSE
150,"1_00019",6630244,1,2011,1,FALSE
151,"14_00008",16169364,14,2005,1,FALSE
152,"17_00017",23718718,17,2007,1,FALSE
153,"10_00019",26084419,10,2001,1,FALSE
154,"13_00006",13652590,13,11005,1,FALSE
155,"10_00007",31678030,10,5011,1,FALSE
156,"13_00026",13920858,13,5011,1,FALSE
157,"15_00023",26362355,15,9011,1,FALSE
158,"14_00022",28269473,14,2005,1,FALSE
159,"14_00002",22402212,14,5002,1,FALSE
160,"10_00030",52407607,10,11002,1,TRUE
161,"30_00020",31273102,30,2002,1,FALSE
162,"18_00002",14800274,18,8002,1,FALSE
163,"16_00007",27205194,16,2001,1,FALSE
164,"1_00007",1290029,1,2011,1,FALSE
165,"10_00002",27625582,10,11005,1,TRUE
166,"31_00003",4197301,31,2002,1,FALSE
167,"10_00010",13967614,10,5011,1,FALSE
168,"30_00006",28830896,30,2002,1,FALSE
169,"17_00001",23799237,17,2007,1,FALSE
170,"2_00029",24467899,2,11005,1,FALSE
171,"30_00009",43368857,30,2002,1,FALSE
172,"32_00025",26488052,32,1001,1,FALSE
173,"15_00020",51270454,15,9002,1,FALSE
174,"16_00029",33697253,16,8001,1,FALSE
175,"32_00022",31777028,32,1001,1,TRUE
176,"10_00021",28945282,10,11002,1,FALSE
177,"13_00017",19426459,13,11005,1,TRUE
178,"17_00018",22063476,17,2007,1,FALSE
179,"2_00008",14555842,2,2005,1,FALSE
180,"17_00027",20873777,17,2007,1,FALSE
181,"15_00011",44225242,15,9011,1,FALSE
182,"10_00025",48166683,10,11002,1,FALSE
183,"2_00012",33330109,2,2011,1,FALSE
184,"2_00022",25739621,2,11005,1,TRUE
185,"1_00014",6326229,1,2011,1,FALSE
186,"10_00012",14003393,10,5011,1,FALSE
187,"30_00002",27705670,30,2002,1,FALSE
188,"20_00003",31559233,20,11011,1,FALSE
189,"30_00013",27616646,30,11011,1,FALSE
190,"32_00009",25831318,32,1001,1,TRUE
191,"14_00018",11533466,14,2005,1,FALSE
192,"16_00028",16308410,16,1005,1,FALSE
193,"20_00005",38667595,20,5005,1,FALSE
194,"30_00014",21934961,30,11011,1,FALSE
195,"1_00002",4492369,1,2011,1,FALSE
196,"17_00005",35706631,17,2007,1,FALSE
197,"11_00001",42230773,11,2011,1,FALSE
198,"31_00024",4878639,31,2002,1,FALSE
199,"11_00014",31343311,11,2011,1,FALSE
200,"17_00016",14800672,17,2007,1,TRUE
201,"19_00029",39822374,19,2011,1,FALSE
202,"12_00021",41356308,12,11002,1,TRUE
203,"10_00020",22847451,10,2005,1,FALSE
204,"15_00022",21943965,15,9001,1,FALSE
205,"14_00026",17686138,14,2005,1,FALSE
206,"32_00011",30998809,32,1001,1,FALSE
207,"32_00016",26114337,32,1001,1,FALSE
208,"31_00010",12097657,31,2002,1,FALSE
209,"20_00027",45575834,20,1001,1,FALSE
210,"12_00002",55654813,12,11002,1,FALSE
211,"1_00021",8329469,1,2011,1,FALSE
212,"30_00007",6352902,30,11011,1,FALSE
213,"11_00012",17221026,11,2011,1,FALSE
214,"17_00002",17268170,17,2007,1,FALSE
215,"1_00028",5628159,1,2011,1,FALSE
216,"20_00008",26740890,20,2002,1,TRUE
217,"12_00011",16016970,12,11002,1,TRUE
218,"14_00023",14692883,14,5002,1,TRUE
219,"17_00003",34885342,17,2007,1,FALSE
220,"2_00024",23984889,2,2005,1,FALSE
221,"32_00030",37513741,32,1001,1,TRUE
222,"32_00010",32546282,32,1001,1,FALSE
223,"31_00004",36880518,31,2002,1,FALSE
224,"1_00016",4322402,1,2011,1,FALSE
225,"11_00004",21329516,11,2011,1,FALSE
226,"32_00002",27885269,32,1001,1,FALSE
227,"19_00002",46513562,19,2011,1,FALSE
228,"30_00005",5315195,30,11011,1,FALSE
229,"18_00009",14197468,18,11007,1,TRUE
230,"30_00018",34422667,30,11011,1,FALSE
231,"16_00009",25822204,16,1008,1,FALSE
232,"20_00020",31229710,20,2002,1,FALSE
233,"10_00015",12457030,10,11002,1,FALSE
234,"30_00010",38038694,30,11011,1,FALSE
235,"20_00002",18789948,20,5005,1,FALSE
236,"2_00007",33099206,2,2011,1,TRUE
237,"13_00030",25553494,13,5011,1,FALSE
238,"16_00001",25709564,16,2001,1,FALSE
239,"31_00011",33501802,31,2002,1,FALSE
240,"14_00014",14556285,14,2005,1,TRUE
241,"13_00015",9270226,13,11005,1,FALSE
242,"16_00019",17552029,16,1002,1,FALSE
243,"15_00007",2999009,15,9002,1,FALSE
244,"17_00030",23745553,17,2007,1,TRUE
245,"15_00025",3624774,15,9011,1,FALSE
246,"17_00006",22099241,17,2007,1,FALSE
247,"14_00011",11050966,14,2005,1,FALSE
248,"12_00007",48300790,12,11002,1,FALSE
249,"20_00023",14387469,20,1001,1,FALSE
250,"11_00007",12563111,11,2011,1,FALSE
251,"10_00011",34825202,10,2011,1,FALSE
252,"32_00026",27330283,32,5005,1,FALSE
253,"15_00005",17295002,15,9011,1,FALSE
254,"18_00027",13315091,18,11008,1,TRUE
255,"16_00016",27178360,16,2001,1,TRUE
256,"13_00014",28045958,13,5011,1,FALSE
257,"19_00011",35649345,19,11002,1,FALSE
258,"20_00019",13832641,20,5005,1,FALSE
259,"18_00011",20846250,18,5007,1,FALSE
260,"14_00021",9725071,14,2005,1,FALSE
261,"13_00009",18795401,13,11005,1,FALSE
262,"31_00018",35013527,31,2002,1,FALSE
263,"14_00010",15694967,14,5002,1,FALSE
264,"30_00012",16944988,30,5005,1,FALSE
265,"13_00007",40657355,13,5011,1,TRUE
266,"11_00028",49141798,11,2011,1,FALSE
267,"19_00015",52470394,19,1011,1,FALSE
268,"14_00029",15372819,14,5002,1,FALSE
269,"13_00018",18358027,13,11005,1,FALSE
270,"1_00023",6943907,1,2011,1,FALSE
271,"1_00030",5843258,1,2011,1,FALSE
272,"16_00010",45504077,16,2001,1,FALSE
273,"11_00015",26424951,11,2011,1,FALSE
274,"17_00008",16644098,17,2007,1,FALSE
275,"12_00004",15243951,12,11002,1,FALSE
276,"2_00028",40636457,2,2011,1,FALSE
277,"15_00021",45948109,15,9002,1,FALSE
278,"17_00028",32925885,17,2007,1,FALSE
279,"16_00015",32892296,16,8001,1,TRUE
280,"15_00028",26326573,15,9011,1,FALSE
281,"15_00015",46487944,15,9011,1,FALSE
282,"13_00028",35974931,13,5011,1,FALSE
283,"11_00022",15495766,11,2011,1,FALSE
284,"30_00015",35424922,30,2002,1,FALSE
285,"13_00003",28421417,13,11005,1,FALSE
286,"15_00018",40223410,15,9001,1,FALSE
287,"20_00026",33555634,20,2002,1,FALSE
288,"13_00010",16819185,13,5011,1,FALSE
289,"14_00024",14871667,14,5002,1,FALSE
290,"12_00025",42056992,12,11002,1,FALSE
291,"16_00026",36627843,16,11001,1,FALSE
292,"30_00023",19934592,30,4004,1,TRUE
293,"31_00026",24989781,31,2002,1,FALSE
294,"16_00004",21599363,16,1002,1,FALSE
295,"14_00012",3025842,14,5002,1,FALSE
296,"16_00022",28992010,16,2001,1,FALSE
297,"31_00029",24923309,31,2002,1,FALSE
298,"11_00026",31362514,11,2011,1,FALSE
299,"19_00013",37607841,19,11002,1,FALSE
300,"18_00003",27546231,18,11007,1,FALSE
301,"11_00008",8913652,11,2011,1,FALSE
302,"14_00017",19215819,14,2005,1,FALSE
303,"17_00026",27331550,17,2007,1,FALSE
304,"18_00013",20847175,18,11007,1,FALSE
305,"1_00027",45818542,1,2011,1,FALSE
306,"31_00028",10137196,31,2002,1,FALSE
307,"32_00023",46951889,32,1001,1,FALSE
308,"2_00014",28618120,2,2011,1,FALSE
309,"30_00008",20050824,30,4004,1,FALSE
310,"17_00024",20962315,17,2007,1,FALSE
311,"18_00029",23293311,18,8002,1,FALSE
312,"11_00011",12572052,11,2011,1,FALSE
313,"30_00017",37926020,30,11011,1,FALSE
314,"2_00026",28636009,2,2011,1,FALSE
315,"16_00023",17212006,16,1002,1,FALSE
316,"20_00006",25813114,20,2002,1,FALSE
317,"2_00003",14513753,2,5011,1,FALSE
318,"12_00029",51476157,12,11002,1,FALSE
319,"2_00018",40743803,2,2011,1,FALSE
320,"19_00024",39929952,19,2011,1,FALSE
321,"12_00014",48157653,12,11002,1,FALSE
322,"11_00029",34964178,11,2011,1,FALSE
323,"11_00016",34476680,11,2011,1,FALSE
324,"18_00008",25372648,18,11007,1,FALSE
325,"15_00017",17382026,15,9007,1,FALSE
326,"32_00013",54438401,32,11011,1,FALSE
327,"16_00006",27232027,16,2001,1,FALSE
328,"16_00027",23222187,16,8001,1,FALSE
329,"16_00014",19010136,16,1002,1,FALSE
330,"31_00021",28973759,31,2002,1,FALSE
331,"12_00022",19864756,12,11002,1,FALSE
332,"16_00008",14691413,16,2001,1,FALSE
333,"31_00030",25503630,31,2002,1,FALSE
334,"1_00020",6826527,1,2011,1,FALSE
335,"10_00013",34440367,10,2011,1,FALSE
336,"19_00012",51629583,19,2011,1,FALSE
337,"16_00012",23177731,16,8001,1,FALSE
338,"12_00016",16410546,12,11002,1,FALSE
339,"32_00019",33980866,32,1001,1,FALSE
340,"19_00023",41373747,19,11002,1,FALSE
341,"17_00029",31217067,17,2007,1,FALSE
342,"32_00005",16335135,32,1001,1,FALSE
343,"19_00003",49259432,19,2011,1,FALSE
344,"15_00010",45948110,15,9002,1,FALSE
345,"19_00019",36507426,19,11002,1,FALSE
346,"18_00005",23248594,18,8002,1,FALSE
347,"16_00018",21747458,16,1002,1,FALSE
348,"30_00003",38395513,30,2002,1,FALSE
349,"31_00002",19824958,31,2002,1,FALSE
350,"17_00013",38497461,17,2007,1,FALSE
351,"11_00023",4974600,11,2011,1,FALSE
352,"11_00003",33506543,11,2011,1,FALSE
353,"2_00004",50792937,2,2011,1,FALSE
354,"32_00006",42373245,32,1001,1,FALSE
355,"11_00019",21302718,11,2011,1,FALSE
356,"15_00008",28475519,15,9011,1,FALSE
357,"20_00025",28896863,20,1001,1,FALSE
358,"14_00020",19282835,14,2005,1,FALSE
359,"31_00023",24666952,31,2002,1,FALSE
360,"2_00017",24566294,2,2005,1,FALSE
361,"2_00010",23589289,2,2011,1,FALSE
362,"10_00016",47665677,10,2011,1,FALSE
363,"1_00011",6871981,1,2011,1,FALSE
364,"13_00029",13484583,13,5011,1,FALSE
365,"15_00019",20274474,15,9011,1,FALSE
366,"19_00022",52693984,19,11002,1,FALSE
367,"12_00026",38820677,12,11002,1,FALSE
368,"18_00010",20739825,18,8007,1,FALSE
369,"10_00029",23081601,10,11005,1,FALSE
370,"18_00019",39869615,18,11007,1,FALSE
371,"13_00025",24104257,13,11005,1,FALSE
372,"12_00010",14756319,12,11002,1,FALSE
373,"11_00027",47516442,11,2011,1,TRUE
374,"17_00014",19406877,17,2007,1,FALSE
375,"18_00021",29099774,18,7011,1,FALSE
376,"18_00018",21079450,18,11007,1,FALSE
377,"13_00027",18697069,13,5011,1,FALSE
378,"2_00009",11221024,2,11005,1,FALSE
379,"17_00019",32018637,17,2007,1,FALSE
380,"1_00004",6504551,1,2011,1,FALSE
381,"16_00013",45745572,16,1011,1,FALSE
382,"18_00014",31388665,18,8002,1,FALSE
383,"1_00003",7211242,1,2011,1,FALSE
384,"17_00015",31467589,17,2007,1,FALSE
385,"14_00027",12267972,14,5002,1,FALSE
386,"12_00030",19435041,12,11002,1,FALSE
387,"31_00022",32848684,31,2002,1,TRUE
388,"10_00008",33848821,10,2011,1,TRUE
389,"32_00020",34777672,32,1001,1,FALSE
390,"1_00009",7443766,1,2011,1,FALSE
391,"14_00004",13681400,14,5002,1,FALSE
392,"2_00020",46387886,2,2011,1,FALSE
393,"13_00008",14030256,13,5011,1,FALSE
394,"10_00027",23213448,10,2011,1,FALSE
395,"10_00018",26377835,10,1011,1,FALSE
396,"19_00014",47953560,19,2011,1,FALSE
397,"12_00005",16455240,12,11002,1,FALSE
398,"15_00016",26335520,15,9011,1,FALSE
399,"17_00007",27277869,17,2007,1,FALSE
400,"18_00023",27573060,18,11007,1,FALSE
401,"14_00019",20195618,14,5002,1,FALSE
402,"30_00004",38271149,30,2002,1,FALSE
403,"1_00005",5386698,1,2011,1,FALSE
404,"12_00024",2032830,12,11002,1,FALSE
405,"30_00028",52711906,30,11011,1,FALSE
406,"10_00014",23624936,10,2011,1,FALSE
407,"30_00022",44046390,30,2002,1,FALSE
408,"31_00007",24914397,31,2002,1,FALSE
409,"30_00027",25694693,30,2002,1,TRUE
410,"2_00011",12716390,2,2011,1,TRUE
411,"18_00001",29180272,18,7011,1,FALSE
412,"32_00018",23585453,32,1001,1,FALSE
413,"13_00019",24157841,13,11005,1,FALSE
414,"1_00013",7113480,1,2011,1,TRUE
415,"30_00016",47119959,30,2002,1,TRUE
416,"20_00015",13867199,20,11011,1,TRUE
417,"12_00015",32238178,12,11002,1,FALSE
418,"20_00022",24412256,20,2002,1,FALSE
419,"12_00012",11068954,12,11002,1,FALSE
420,"14_00013",35876479,14,5002,1,FALSE
421,"2_00019",23761145,2,2005,1,FALSE
422,"32_00028",12884222,32,5005,1,FALSE
423,"14_00005",20212405,14,5002,1,FALSE
424,"31_00012",30109728,31,2002,1,FALSE
425,"2_00023",22497774,2,2011,1,FALSE
426,"1_00006",46078653,1,2011,1,FALSE
427,"31_00013",48399226,31,2002,1,FALSE
428,"20_00001",31496654,20,2002,1,FALSE
429,"20_00009",8338337,20,2002,1,FALSE
430,"19_00001",36051908,19,11002,1,FALSE
431,"13_00022",38738902,13,5011,1,FALSE
432,"11_00013",17238920,11,2011,1,FALSE
433,"2_00027",24519806,2,2011,1,FALSE
434,"18_00017",20819847,18,5007,1,FALSE
435,"12_00019",11616069,12,11002,1,FALSE
436,"10_00022",2274456,10,11002,1,FALSE
437,"32_00012",23417350,32,1001,1,FALSE
438,"14_00006",15337168,14,5002,1,FALSE
439,"31_00006",29800399,31,2002,1,FALSE
440,"19_00026",50976175,19,2011,1,FALSE
441,"32_00027",26780797,32,1001,1,FALSE
442,"15_00006",17382029,15,9007,1,FALSE
443,"10_00005",23159799,10,2011,1,FALSE
444,"31_00014",15460266,31,2002,1,FALSE
445,"20_00014",23535381,20,2002,1,FALSE
446,"15_00029",41821474,15,9002,1,FALSE
447,"12_00001",41740886,12,11002,1,FALSE
448,"13_00020",30849541,13,5011,1,FALSE
449,"12_00006",11571329,12,11002,1,FALSE
450,"19_00030",51673935,19,2011,1,FALSE
451,"17_00012",22233422,17,2007,1,FALSE
452,"11_00021",30951072,11,2011,1,FALSE
453,"30_00019",42240066,30,2002,1,FALSE
454,"13_00023",17849711,13,11005,1,FALSE
455,"2_00016",32059174,2,2011,1,FALSE
456,"1_00025",3079061,1,2011,1,FALSE
457,"1_00024",5457737,1,2011,1,FALSE
458,"20_00012",24094702,20,5005,1,FALSE
459,"20_00028",49816374,20,2002,1,FALSE
460,"31_00027",33950206,31,2002,1,TRUE
461,"14_00030",14717272,14,2005,1,FALSE
462,"32_00004",12750189,32,5005,1,FALSE
463,"15_00003",3571110,15,9011,1,TRUE
464,"32_00021",31579667,32,11011,1,FALSE
465,"31_00015",13073959,31,2002,1,FALSE
466,"20_00030",23873110,20,2002,1,TRUE
467,"15_00027",21488111,15,9002,1,FALSE
468,"15_00013",3651608,15,9011,1,FALSE
469,"16_00011",19287410,16,1002,1,TRUE
470,"18_00026",20730861,18,8007,1,TRUE
471,"32_00001",27858521,32,1001,1,FALSE
472,"12_00008",14076445,12,11002,1,FALSE
473,"2_00001",33643241,2,2011,1,FALSE
474,"1_00012",5430898,1,2011,1,FALSE
475,"12_00028",52568627,12,11002,1,FALSE
476,"14_00007",11524505,14,2005,1,FALSE
477,"18_00022",25462102,18,11007,1,FALSE
478,"31_00020",27011930,31,2002,1,FALSE
479,"32_00008",28323724,32,1001,1,FALSE
480,"31_00001",23846734,31,2002,1,FALSE
