"stratum","stratum_label","n_cells","area","weight","n","kind"
1,"change: fire",58250,582.5,0.0139227030647156,30,"change"
2,"change: harvest",62154,621.54,0.0148558229405036,30,"change"
10,"wetland change",95045,950.45,0.022717310090745,30,"change"
11,"Trees -> Rangeland",27431,274.31,0.00655645781576332,30,"change"
12,"Rangeland -> Trees",53273,532.73,0.0127331186329029,30,"change"
13,"Crops <-> Rangeland",131914,1319.14,0.0315296043275346,30,"change"
14,"Crops <-> Trees",17877,178.77,0.00427289549678834,30,"change"
15,"Snow/Ice -> any",386,3.86,9.22603155876432e-05,30,"change"
16,"any <-> Water",13273,132.73,0.00317246416786215,30,"change"
17,"other tree loss",3180,31.8,0.00076007202997074,30,"change"
18,"other change",10215,102.15,0.00244155213400978,30,"change"
20,"sieved change (<1 ha)",104947,1049.47,0.0250840501035658,30,"sieved"
30,"stable wetland",519852,5198.52,0.124253133624009,30,"stable"
31,"stable Trees",1320611,13206.11,0.315647636343298,30,"stable"
32,"stable other",1765406,17654.06,0.421960918912743,30,"stable"
