"point_id","stratum","cell","map_class","endpoint","release_id","release_date","capture_date","src_res","source","zoom","years_from_endpoint"
"10_00001",10,27240984,1004,2017,"60013","2024-03-07","2016-09-30",0.5,"Maxar WV02",18,-1
"10_00001",10,27240984,1004,2023,"63116","2026-09-24","2023-08-25",0.5,"Vantor WV02",18,0
"10_00002",10,27625582,11005,2017,"60013","2024-03-07","2016-09-30",0.5,"Maxar WV02",18,-1
"10_00002",10,27625582,11005,2023,"63116","2026-09-24","2023-08-25",0.5,"Vantor WV02",18,0
"10_00003",10,20354920,4002,2017,"16245","2022-04-27","2014-06-30",0.46,"Maxar GE01",17,-3
"10_00003",10,20354920,4002,2023,"63116","2026-09-24","2025-05-01",0.34,"Vantor LG01",18,2
"10_00004",10,23302886,2011,2017,"16245","2022-04-27","2015-06-26",0.5,"Maxar WV02",17,-2
"10_00004",10,23302886,2011,2023,"63116","2026-09-24","2021-04-20",0.31,"Vantor WV03",18,-2
"10_00005",10,23159799,2011,2017,"16245","2022-04-27","2015-06-26",0.5,"Maxar WV02",17,-2
"10_00005",10,23159799,2011,2023,"63116","2026-09-24","2021-04-20",0.31,"Vantor WV03",18,-2
"10_00006",10,33336574,2011,2017,"26751","2020-04-08","2016-06-30",0.31,"Maxar WV03_VNIR",17,-1
"10_00006",10,33336574,2011,2023,"6543","2025-03-27","2023-08-16",0.31,"Maxar WV03",18,0
"10_00007",10,31678030,5011,2017,"63116","2026-09-24","2016-09-30",0.5,"Vantor WV02",18,-1
"10_00007",10,31678030,5011,2023,"63116","2026-09-24","2016-09-30",0.5,"Vantor WV02",18,-7
"10_00008",10,33848821,2011,2017,"63116","2026-09-24","2015-06-26",0.5,"Vantor WV02",18,-2
"10_00008",10,33848821,2011,2023,"63116","2026-09-24","2015-06-26",0.5,"Vantor WV02",18,-8
"10_00009",10,30914634,8011,2017,"63116","2026-09-24","2015-06-26",0.5,"Vantor WV02",18,-2
"10_00009",10,30914634,8011,2023,"63116","2026-09-24","2015-06-26",0.5,"Vantor WV02",18,-8
"10_00010",10,13967614,5011,2017,"16245","2022-04-27","2015-06-26",0.5,"Maxar WV02",17,-2
"10_00010",10,13967614,5011,2023,"63116","2026-09-24","2022-10-05",0.5,"Vantor WV02",18,-1
"10_00011",10,34825202,2011,2017,"63116","2026-09-24","2013-08-09",0.5,"Vantor WV02",18,-4
"10_00011",10,34825202,2011,2023,"63116","2026-09-24","2013-08-09",0.5,"Vantor WV02",18,-10
"10_00012",10,14003393,5011,2017,"16245","2022-04-27","2015-06-26",0.5,"Maxar WV02",17,-2
"10_00012",10,14003393,5011,2023,"63116","2026-09-24","2022-10-05",0.5,"Vantor WV02",18,-1
"10_00013",10,34440367,2011,2017,"63116","2026-09-24","2013-08-09",0.5,"Vantor WV02",18,-4
"10_00013",10,34440367,2011,2023,"63116","2026-09-24","2013-08-09",0.5,"Vantor WV02",18,-10
"10_00014",10,23624936,2011,2017,"16245","2022-04-27","2015-06-26",0.5,"Maxar WV02",17,-2
"10_00014",10,23624936,2011,2023,"63116","2026-09-24","2021-04-20",0.31,"Vantor WV03",18,-2
"10_00015",10,12457030,11002,2017,"16245","2022-04-27","2018-05-08",0.31,"Maxar WV03",17,1
"10_00015",10,12457030,11002,2023,"63116","2026-09-24","2022-10-05",0.5,"Vantor WV02",18,-1
"10_00016",10,47665677,2011,2017,"58924","2025-09-25","2018-07-24",0.5,"Maxar WV02",18,1
"10_00016",10,47665677,2011,2023,"63116","2026-09-24","2025-06-11",0.31,"Vantor WV03",18,2
"10_00017",10,34404593,2011,2017,"63116","2026-09-24","2013-08-09",0.5,"Vantor WV02",18,-4
"10_00017",10,34404593,2011,2023,"63116","2026-09-24","2013-08-09",0.5,"Vantor WV02",18,-10
"10_00018",10,26377835,1011,2017,"60013","2024-03-07","2018-07-24",0.5,"Maxar WV02",18,1
"10_00018",10,26377835,1011,2023,"6543","2025-03-27","2023-08-16",0.31,"Maxar WV03",18,0
"10_00019",10,26084419,2001,2017,"63116","2026-09-24","2015-06-26",0.5,"Vantor WV02",18,-2
"10_00019",10,26084419,2001,2023,"63116","2026-09-24","2015-06-26",0.5,"Vantor WV02",18,-8
"10_00020",10,22847451,2005,2017,"60013","2024-03-07","2013-05-06",0.5,"Maxar WV02",18,-4
"10_00020",10,22847451,2005,2023,"63116","2026-09-24","2023-08-25",0.5,"Vantor WV02",18,0
"10_00021",10,28945282,11002,2017,"60013","2024-03-07","2018-07-24",0.5,"Maxar WV02",18,1
"10_00021",10,28945282,11002,2023,"6543","2025-03-27","2023-08-16",0.31,"Maxar WV03",18,0
"10_00022",10,2274456,11002,2017,"44873","2023-03-15","2021-07-01",0.5,"Maxar WV02",17,4
"10_00022",10,2274456,11002,2023,"63116","2026-09-24","2022-08-12",0.46,"Vantor GE01",18,-1
"10_00023",10,37212152,8002,2017,"63116","2026-09-24","2015-06-26",0.5,"Vantor WV02",18,-2
"10_00023",10,37212152,8002,2023,"63116","2026-09-24","2015-06-26",0.5,"Vantor WV02",18,-8
"10_00024",10,31606523,5011,2017,"63116","2026-09-24","2016-09-30",0.5,"Vantor WV02",18,-1
"10_00024",10,31606523,5011,2023,"63116","2026-09-24","2016-09-30",0.5,"Vantor WV02",18,-7
"10_00025",10,48166683,11002,2017,"58924","2025-09-25","2018-07-24",0.5,"Maxar WV02",18,1
"10_00025",10,48166683,11002,2023,"63116","2026-09-24","2025-06-11",0.31,"Vantor WV03",18,2
"10_00026",10,34698254,8011,2017,"63116","2026-09-24","2015-06-26",0.5,"Vantor WV02",18,-2
"10_00026",10,34698254,8011,2023,"63116","2026-09-24","2015-06-26",0.5,"Vantor WV02",18,-8
"10_00027",10,23213448,2011,2017,"16245","2022-04-27","2015-06-26",0.5,"Maxar WV02",17,-2
"10_00027",10,23213448,2011,2023,"63116","2026-09-24","2021-04-20",0.31,"Vantor WV03",18,-2
"10_00028",10,23010013,11005,2017,"60013","2024-03-07","2016-09-30",0.5,"Maxar WV02",18,-1
"10_00028",10,23010013,11005,2023,"63116","2026-09-24","2023-08-25",0.5,"Vantor WV02",18,0
"10_00029",10,23081601,11005,2017,"60013","2024-03-07","2016-09-30",0.5,"Maxar WV02",18,-1
"10_00029",10,23081601,11005,2023,"63116","2026-09-24","2023-08-25",0.5,"Vantor WV02",18,0
"10_00030",10,52407607,11002,2017,"26751","2020-04-08","2016-06-30",0.31,"Maxar WV03_VNIR",17,-1
"10_00030",10,52407607,11002,2023,"58924","2025-09-25","2023-08-16",0.31,"Maxar WV03",18,0
"11_00001",11,42230773,2011,2017,"63116","2026-09-24","2015-06-26",0.5,"Vantor WV02",18,-2
"11_00001",11,42230773,2011,2023,"63116","2026-09-24","2015-06-26",0.5,"Vantor WV02",18,-8
"11_00002",11,3428343,2011,2017,"44873","2023-03-15","2021-07-01",0.5,"Maxar WV02",17,4
"11_00002",11,3428343,2011,2023,"63116","2026-09-24","2022-08-12",0.46,"Vantor GE01",18,-1
"11_00003",11,33506543,2011,2017,"26751","2020-04-08","2016-06-30",0.31,"Maxar WV03_VNIR",17,-1
"11_00003",11,33506543,2011,2023,"6543","2025-03-27","2023-08-16",0.31,"Maxar WV03",18,0
"11_00004",11,21329516,2011,2017,"16245","2022-04-27","2016-09-30",0.5,"Maxar WV02",17,-1
"11_00004",11,21329516,2011,2023,"63116","2026-09-24","2025-05-01",0.34,"Vantor LG01",18,2
"11_00005",11,26398124,2011,2017,"60013","2024-03-07","2015-06-26",0.5,"Maxar WV02",18,-2
"11_00005",11,26398124,2011,2023,"63116","2026-09-24","2023-08-25",0.5,"Vantor WV02",18,0
"11_00006",11,38676119,2011,2017,"26751","2020-04-08","2016-06-30",0.31,"Maxar WV03_VNIR",17,-1
"11_00006",11,38676119,2011,2023,"6543","2025-03-27","2023-08-16",0.31,"Maxar WV03",18,0
"11_00007",11,12563111,2011,2017,"16245","2022-04-27","2015-06-26",0.5,"Maxar WV02",17,-2
"11_00007",11,12563111,2011,2023,"63116","2026-09-24","2022-10-05",0.5,"Vantor WV02",18,-1
"11_00008",11,8913652,2011,2017,"16245","2022-04-27","2015-06-26",0.5,"Maxar WV02",17,-2
"11_00008",11,8913652,2011,2023,"63116","2026-09-24","2022-10-05",0.5,"Vantor WV02",18,-1
"11_00009",11,32027582,2011,2017,"58924","2025-09-25","2016-09-30",0.5,"Maxar WV02",18,-1
"11_00009",11,32027582,2011,2023,"63116","2026-09-24","2025-05-01",0.34,"Vantor LG01",18,2
"11_00010",11,15504713,2011,2017,"63116","2026-09-24","2015-06-26",0.5,"Vantor WV02",18,-2
"11_00010",11,15504713,2011,2023,"63116","2026-09-24","2015-06-26",0.5,"Vantor WV02",18,-8
"11_00011",11,12572052,2011,2017,"16245","2022-04-27","2015-06-26",0.5,"Maxar WV02",17,-2
"11_00011",11,12572052,2011,2023,"63116","2026-09-24","2022-10-05",0.5,"Vantor WV02",18,-1
"11_00012",11,17221026,2011,2017,"6543","2025-03-27","2013-05-06",0.5,"Maxar WV02",18,-4
"11_00012",11,17221026,2011,2023,"63116","2026-09-24","2024-04-12",0.46,"Vantor GE01",18,1
"11_00013",11,17238920,2011,2017,"63116","2026-09-24","2013-05-06",0.5,"Vantor WV02",18,-4
"11_00013",11,17238920,2011,2023,"63116","2026-09-24","2013-05-06",0.5,"Vantor WV02",18,-10
"11_00014",11,31343311,2011,2017,"63116","2026-09-24","2015-06-26",0.5,"Vantor WV02",18,-2
"11_00014",11,31343311,2011,2023,"63116","2026-09-24","2015-06-26",0.5,"Vantor WV02",18,-8
"11_00015",11,26424951,2011,2017,"60013","2024-03-07","2015-06-26",0.5,"Maxar WV02",18,-2
"11_00015",11,26424951,2011,2023,"63116","2026-09-24","2023-08-25",0.5,"Vantor WV02",18,0
"11_00016",11,34476680,2011,2017,"63116","2026-09-24","2013-08-09",0.5,"Vantor WV02",18,-4
"11_00016",11,34476680,2011,2023,"63116","2026-09-24","2013-08-09",0.5,"Vantor WV02",18,-10
"11_00017",11,39105876,2011,2017,"26751","2020-04-08","2016-06-30",0.31,"Maxar WV03_VNIR",17,-1
"11_00017",11,39105876,2011,2023,"6543","2025-03-27","2023-08-16",0.31,"Maxar WV03",18,0
"11_00018",11,49660861,2011,2017,"26751","2020-04-08","2016-06-30",0.31,"Maxar WV03_VNIR",17,-1
"11_00018",11,49660861,2011,2023,"58924","2025-09-25","2023-08-16",0.31,"Maxar WV03",18,0
"11_00019",11,21302718,2011,2017,"16245","2022-04-27","2016-09-30",0.5,"Maxar WV02",17,-1
"11_00019",11,21302718,2011,2023,"63116","2026-09-24","2025-05-01",0.34,"Vantor LG01",18,2
"11_00020",11,36906320,2011,2017,"60013","2024-03-07","2018-07-24",0.5,"Maxar WV02",18,1
"11_00020",11,36906320,2011,2023,"6543","2025-03-27","2023-08-16",0.31,"Maxar WV03",18,0
"11_00021",11,30951072,2011,2017,"63116","2026-09-24","2015-06-26",0.5,"Vantor WV02",18,-2
"11_00021",11,30951072,2011,2023,"63116","2026-09-24","2015-06-26",0.5,"Vantor WV02",18,-8
"11_00022",11,15495766,2011,2017,"63116","2026-09-24","2015-06-26",0.5,"Vantor WV02",18,-2
"11_00022",11,15495766,2011,2023,"63116","2026-09-24","2015-06-26",0.5,"Vantor WV02",18,-8
"11_00023",11,4974600,2011,2017,"44873","2023-03-15","2021-07-01",0.5,"Maxar WV02",17,4
"11_00023",11,4974600,2011,2023,"63116","2026-09-24","2022-09-20",0.46,"Vantor GE01",18,-1
"11_00024",11,44073163,2011,2017,"63116","2026-09-24","2015-06-26",0.5,"Vantor WV02",18,-2
"11_00024",11,44073163,2011,2023,"63116","2026-09-24","2015-06-26",0.5,"Vantor WV02",18,-8
"11_00025",11,33768330,2011,2017,"63116","2026-09-24","2015-06-26",0.5,"Vantor WV02",18,-2
"11_00025",11,33768330,2011,2023,"63116","2026-09-24","2015-06-26",0.5,"Vantor WV02",18,-8
"11_00026",11,31362514,2011,2017,"63116","2026-09-24","2015-06-26",0.5,"Vantor WV02",18,-2
"11_00026",11,31362514,2011,2023,"63116","2026-09-24","2015-06-26",0.5,"Vantor WV02",18,-8
"11_00027",11,47516442,2011,2017,"63116","2026-09-24","2015-06-26",0.5,"Vantor WV02",18,-2
"11_00027",11,47516442,2011,2023,"63116","2026-09-24","2015-06-26",0.5,"Vantor WV02",18,-8
"11_00028",11,49141798,2011,2017,"26751","2020-04-08","2016-06-30",0.31,"Maxar WV03_VNIR",17,-1
"11_00028",11,49141798,2011,2023,"58924","2025-09-25","2023-08-16",0.31,"Maxar WV03",18,0
"11_00029",11,34964178,2011,2017,"26751","2020-04-08","2016-06-30",0.31,"Maxar WV03_VNIR",17,-1
"11_00029",11,34964178,2011,2023,"6543","2025-03-27","2023-08-16",0.31,"Maxar WV03",18,0
"11_00030",11,29893039,2011,2017,"60013","2024-03-07","2018-07-24",0.5,"Maxar WV02",18,1
"11_00030",11,29893039,2011,2023,"6543","2025-03-27","2023-08-16",0.31,"Maxar WV03",18,0
"12_00001",12,41740886,11002,2017,"63116","2026-09-24","2016-09-30",0.5,"Vantor WV02",18,-1
"12_00001",12,41740886,11002,2023,"63116","2026-09-24","2016-09-30",0.5,"Vantor WV02",18,-7
"12_00002",12,55654813,11002,2017,"60013","2024-03-07","2018-07-24",0.5,"Maxar WV02",18,1
"12_00002",12,55654813,11002,2023,"58924","2025-09-25","2023-08-16",0.31,"Maxar WV03",18,0
"12_00003",12,39929167,11002,2017,"60013","2024-03-07","2018-07-24",0.5,"Maxar WV02",18,1
"12_00003",12,39929167,11002,2023,"6543","2025-03-27","2023-08-16",0.31,"Maxar WV03",18,0
"12_00004",12,15243951,11002,2017,"6543","2025-03-27","2013-05-06",0.5,"Maxar WV02",18,-4
"12_00004",12,15243951,11002,2023,"63116","2026-09-24","2024-04-12",0.46,"Vantor GE01",18,1
"12_00005",12,16455240,11002,2017,"16245","2022-04-27","2018-05-08",0.31,"Maxar WV03",17,1
"12_00005",12,16455240,11002,2023,"63116","2026-09-24","2021-06-22",0.5,"Vantor WV02",18,-2
"12_00006",12,11571329,11002,2017,"16245","2022-04-27","2018-05-08",0.31,"Maxar WV03",17,1
"12_00006",12,11571329,11002,2023,"63116","2026-09-24","2022-10-05",0.5,"Vantor WV02",18,-1
"12_00007",12,48300790,11002,2017,"58924","2025-09-25","2018-07-24",0.5,"Maxar WV02",18,1
"12_00007",12,48300790,11002,2023,"63116","2026-09-24","2025-06-11",0.31,"Vantor WV03",18,2
"12_00008",12,14076445,11002,2017,"16245","2022-04-27","2018-05-08",0.31,"Maxar WV03",17,1
"12_00008",12,14076445,11002,2023,"63116","2026-09-24","2022-08-12",0.5,"Vantor WV02",18,-1
"12_00009",12,41922828,11002,2017,"58924","2025-09-25","2018-07-24",0.5,"Maxar WV02",18,1
"12_00009",12,41922828,11002,2023,"63116","2026-09-24","2025-06-11",0.31,"Vantor WV03",18,2
"12_00010",12,14756319,11002,2017,"16245","2022-04-27","2018-05-08",0.31,"Maxar WV03",17,1
"12_00010",12,14756319,11002,2023,"63116","2026-09-24","2022-08-12",0.5,"Vantor WV02",18,-1
"12_00011",12,16016970,11002,2017,"16245","2022-04-27","2018-05-08",0.31,"Maxar WV03",17,1
"12_00011",12,16016970,11002,2023,"63116","2026-09-24","2021-06-22",0.5,"Vantor WV02",18,-2
"12_00012",12,11068954,11002,2017,"16245","2022-04-27","2015-06-26",0.5,"Maxar WV02",17,-2
"12_00012",12,11068954,11002,2023,"63116","2026-09-24","2022-10-05",0.5,"Vantor WV02",18,-1
"12_00013",12,48792953,11002,2017,"26751","2020-04-08","2016-06-30",0.31,"Maxar WV03_VNIR",17,-1
"12_00013",12,48792953,11002,2023,"58924","2025-09-25","2023-08-16",0.31,"Maxar WV03",18,0
"12_00014",12,48157653,11002,2017,"58924","2025-09-25","2018-07-24",0.5,"Maxar WV02",18,1
"12_00014",12,48157653,11002,2023,"63116","2026-09-24","2025-06-11",0.31,"Vantor WV03",18,2
"12_00015",12,32238178,11002,2017,"63116","2026-09-24","2015-06-26",0.5,"Vantor WV02",18,-2
"12_00015",12,32238178,11002,2023,"63116","2026-09-24","2015-06-26",0.5,"Vantor WV02",18,-8
"12_00016",12,16410546,11002,2017,"16245","2022-04-27","2018-05-08",0.31,"Maxar WV03",17,1
"12_00016",12,16410546,11002,2023,"63116","2026-09-24","2021-06-22",0.5,"Vantor WV02",18,-2
"12_00017",12,20294119,11002,2017,"6543","2025-03-27","2018-08-24",0.31,"Maxar WV03",18,1
"12_00017",12,20294119,11002,2023,"63116","2026-09-24","2024-06-07",0.5,"Vantor WV02",18,1
"12_00018",12,33069005,11002,2017,"60013","2024-03-07","2018-07-24",0.5,"Maxar WV02",18,1
"12_00018",12,33069005,11002,2023,"6543","2025-03-27","2023-08-16",0.31,"Maxar WV03",18,0
"12_00019",12,11616069,11002,2017,"16245","2022-04-27","2018-05-08",0.31,"Maxar WV03",17,1
"12_00019",12,11616069,11002,2023,"63116","2026-09-24","2022-10-05",0.5,"Vantor WV02",18,-1
"12_00020",12,20679289,11002,2017,"26751","2020-04-08","2016-06-21",0.5,"Maxar WV02",17,-1
"12_00020",12,20679289,11002,2023,"6543","2025-03-27","2023-08-16",0.31,"Maxar WV03",18,0
"12_00021",12,41356308,11002,2017,"63116","2026-09-24","2016-09-30",0.5,"Vantor WV02",18,-1
"12_00021",12,41356308,11002,2023,"63116","2026-09-24","2016-09-30",0.5,"Vantor WV02",18,-7
"12_00022",12,19864756,11002,2017,"6543","2025-03-27","2018-08-24",0.31,"Maxar WV03",18,1
"12_00022",12,19864756,11002,2023,"63116","2026-09-24","2024-06-07",0.5,"Vantor WV02",18,1
"12_00023",12,14478923,11002,2017,"16245","2022-04-27","2018-05-08",0.31,"Maxar WV03",17,1
"12_00023",12,14478923,11002,2023,"63116","2026-09-24","2022-08-12",0.5,"Vantor WV02",18,-1
"12_00024",12,2032830,11002,2017,"44873","2023-03-15","2021-07-01",0.5,"Maxar WV02",17,4
"12_00024",12,2032830,11002,2023,"63116","2026-09-24","2022-08-12",0.46,"Vantor GE01",18,-1
"12_00025",12,42056992,11002,2017,"58924","2025-09-25","2018-07-24",0.5,"Maxar WV02",18,1
"12_00025",12,42056992,11002,2023,"63116","2026-09-24","2025-06-11",0.31,"Vantor WV03",18,2
"12_00026",12,38820677,11002,2017,"60013","2024-03-07","2018-07-24",0.5,"Maxar WV02",18,1
"12_00026",12,38820677,11002,2023,"6543","2025-03-27","2023-08-16",0.31,"Maxar WV03",18,0
"12_00027",12,2023887,11002,2017,"44873","2023-03-15","2021-07-01",0.5,"Maxar WV02",17,4
"12_00027",12,2023887,11002,2023,"63116","2026-09-24","2022-08-12",0.46,"Vantor GE01",18,-1
"12_00028",12,52568627,11002,2017,"26751","2020-04-08","2016-06-30",0.31,"Maxar WV03_VNIR",17,-1
"12_00028",12,52568627,11002,2023,"58924","2025-09-25","2023-08-16",0.31,"Maxar WV03",18,0
"12_00029",12,51476157,11002,2017,"58924","2025-09-25","2018-07-24",0.5,"Maxar WV02",18,1
"12_00029",12,51476157,11002,2023,"63116","2026-09-24","2025-06-11",0.31,"Vantor WV03",18,2
"12_00030",12,19435041,11002,2017,"44873","2023-03-15","2018-08-24",0.31,"Maxar WV03",17,1
"12_00030",12,19435041,11002,2023,"63116","2026-09-24","2022-08-12",0.5,"Vantor WV02",18,-1
"13_00001",13,35178721,11005,2017,"26751","2020-04-08","2016-06-30",0.31,"Maxar WV03_VNIR",17,-1
"13_00001",13,35178721,11005,2023,"6543","2025-03-27","2023-08-16",0.31,"Maxar WV03",18,0
"13_00002",13,20674235,11005,2017,"60013","2024-03-07","2013-05-06",0.5,"Maxar WV02",18,-4
"13_00002",13,20674235,11005,2023,"63116","2026-09-24","2023-08-25",0.5,"Vantor WV02",18,0
"13_00003",13,28421417,11005,2017,"60013","2024-03-07","2016-09-30",0.5,"Maxar WV02",18,-1
"13_00003",13,28421417,11005,2023,"63116","2026-09-24","2023-08-25",0.5,"Vantor WV02",18,0
"13_00004",13,30715333,5011,2017,"26751","2020-04-08","2016-06-30",0.31,"Maxar WV03_VNIR",17,-1
"13_00004",13,30715333,5011,2023,"6543","2025-03-27","2023-08-16",0.31,"Maxar WV03",18,0
"13_00005",13,38220152,5011,2017,"26751","2020-04-08","2016-06-30",0.31,"Maxar WV03_VNIR",17,-1
"13_00005",13,38220152,5011,2023,"6543","2025-03-27","2023-08-16",0.31,"Maxar WV03",18,0
"13_00006",13,13652590,11005,2017,"6543","2025-03-27","2021-07-01",0.5,"Maxar WV02",18,4
"13_00006",13,13652590,11005,2023,"63116","2026-09-24","2022-06-13",0.46,"Vantor GE01",18,-1
"13_00007",13,40657355,5011,2017,"63116","2026-09-24","2013-08-09",0.5,"Vantor WV02",18,-4
"13_00007",13,40657355,5011,2023,"63116","2026-09-24","2013-08-09",0.5,"Vantor WV02",18,-10
"13_00008",13,14030256,5011,2017,"16245","2022-04-27","2015-06-26",0.5,"Maxar WV02",17,-2
"13_00008",13,14030256,5011,2023,"63116","2026-09-24","2022-10-05",0.5,"Vantor WV02",18,-1
"13_00009",13,18795401,11005,2017,"63116","2026-09-24","2013-05-06",0.5,"Vantor WV02",18,-4
"13_00009",13,18795401,11005,2023,"63116","2026-09-24","2013-05-06",0.5,"Vantor WV02",18,-10
"13_00010",13,16819185,5011,2017,"6543","2025-03-27","2013-05-06",0.5,"Maxar WV02",18,-4
"13_00010",13,16819185,5011,2023,"63116","2026-09-24","2022-06-13",0.46,"Vantor GE01",18,-1
"13_00011",13,27723788,11005,2017,"60013","2024-03-07","2016-09-30",0.5,"Maxar WV02",18,-1
"13_00011",13,27723788,11005,2023,"63116","2026-09-24","2023-08-25",0.5,"Vantor WV02",18,0
"13_00012",13,16372321,11005,2017,"6543","2025-03-27","2013-05-06",0.5,"Maxar WV02",18,-4
"13_00012",13,16372321,11005,2023,"63116","2026-09-24","2022-06-13",0.46,"Vantor GE01",18,-1
"13_00013",13,38774702,5011,2017,"26751","2020-04-08","2016-06-30",0.31,"Maxar WV03_VNIR",17,-1
"13_00013",13,38774702,5011,2023,"6543","2025-03-27","2023-08-16",0.31,"Maxar WV03",18,0
"13_00014",13,28045958,5011,2017,"60013","2024-03-07","2016-09-30",0.5,"Maxar WV02",18,-1
"13_00014",13,28045958,5011,2023,"63116","2026-09-24","2023-08-25",0.5,"Vantor WV02",18,0
"13_00015",13,9270226,11005,2017,"16245","2022-04-27","2015-06-26",0.5,"Maxar WV02",17,-2
"13_00015",13,9270226,11005,2023,"63116","2026-09-24","2022-10-05",0.5,"Vantor WV02",18,-1
"13_00016",13,38309599,5011,2017,"26751","2020-04-08","2016-06-30",0.31,"Maxar WV03_VNIR",17,-1
"13_00016",13,38309599,5011,2023,"6543","2025-03-27","2023-08-16",0.31,"Maxar WV03",18,0
"13_00017",13,19426459,11005,2017,"44873","2023-03-15","2018-08-24",0.31,"Maxar WV03",17,1
"13_00017",13,19426459,11005,2023,"6543","2025-03-27","2022-08-12",0.5,"Maxar WV02",18,-1
"13_00018",13,18358027,11005,2017,"60013","2024-03-07","2016-09-30",0.5,"Maxar WV02",18,-1
"13_00018",13,18358027,11005,2023,"63116","2026-09-24","2023-08-25",0.5,"Vantor WV02",18,0
"13_00019",13,24157841,11005,2017,"63116","2026-09-24","2018-08-24",0.31,"Vantor WV03",18,1
"13_00019",13,24157841,11005,2023,"63116","2026-09-24","2018-08-24",0.31,"Vantor WV03",18,-5
"13_00020",13,30849541,5011,2017,"26751","2020-04-08","2016-06-30",0.31,"Maxar WV03_VNIR",17,-1
"13_00020",13,30849541,5011,2023,"6543","2025-03-27","2023-08-16",0.31,"Maxar WV03",18,0
"13_00021",13,40595041,11005,2017,"63116","2026-09-24","2013-08-09",0.5,"Vantor WV02",18,-4
"13_00021",13,40595041,11005,2023,"63116","2026-09-24","2013-08-09",0.5,"Vantor WV02",18,-10
"13_00022",13,38738902,5011,2017,"26751","2020-04-08","2016-06-30",0.31,"Maxar WV03_VNIR",17,-1
"13_00022",13,38738902,5011,2023,"6543","2025-03-27","2023-08-16",0.31,"Maxar WV03",18,0
"13_00023",13,17849711,11005,2017,"16245","2022-04-27","2015-06-26",0.5,"Maxar WV02",17,-2
"13_00023",13,17849711,11005,2023,"63116","2026-09-24","2021-06-22",0.5,"Vantor WV02",18,-2
"13_00024",13,31597524,5011,2017,"63116","2026-09-24","2016-09-30",0.5,"Vantor WV02",18,-1
"13_00024",13,31597524,5011,2023,"63116","2026-09-24","2016-09-30",0.5,"Vantor WV02",18,-7
"13_00025",13,24104257,11005,2017,"63116","2026-09-24","2018-08-24",0.31,"Vantor WV03",18,1
"13_00025",13,24104257,11005,2023,"63116","2026-09-24","2018-08-24",0.31,"Vantor WV03",18,-5
"13_00026",13,13920858,5011,2017,"6543","2025-03-27","2013-05-06",0.5,"Maxar WV02",18,-4
"13_00026",13,13920858,5011,2023,"63116","2026-09-24","2024-04-12",0.46,"Vantor GE01",18,1
"13_00027",13,18697069,5011,2017,"63116","2026-09-24","2013-05-06",0.5,"Vantor WV02",18,-4
"13_00027",13,18697069,5011,2023,"63116","2026-09-24","2013-05-06",0.5,"Vantor WV02",18,-10
"13_00028",13,35974931,5011,2017,"26751","2020-04-08","2016-06-30",0.31,"Maxar WV03_VNIR",17,-1
"13_00028",13,35974931,5011,2023,"6543","2025-03-27","2023-08-16",0.31,"Maxar WV03",18,0
"13_00029",13,13484583,5011,2017,"16245","2022-04-27","2015-06-26",0.5,"Maxar WV02",17,-2
"13_00029",13,13484583,5011,2023,"63116","2026-09-24","2022-10-05",0.5,"Vantor WV02",18,-1
"13_00030",13,25553494,5011,2017,"58924","2025-09-25","2018-08-24",0.31,"Maxar WV03",18,1
"13_00030",13,25553494,5011,2023,"63116","2026-09-24","2025-06-11",0.31,"Vantor WV03",18,2
"14_00001",14,30420054,5002,2017,"26751","2020-04-08","2016-06-30",0.31,"Maxar WV03_VNIR",17,-1
"14_00001",14,30420054,5002,2023,"6543","2025-03-27","2023-08-16",0.31,"Maxar WV03",18,0
"14_00002",14,22402212,5002,2017,"63116","2026-09-24","2016-09-30",0.5,"Vantor WV02",18,-1
"14_00002",14,22402212,5002,2023,"63116","2026-09-24","2016-09-30",0.5,"Vantor WV02",18,-7
"14_00003",14,37416117,5002,2017,"60013","2024-03-07","2018-07-24",0.5,"Maxar WV02",18,1
"14_00003",14,37416117,5002,2023,"6543","2025-03-27","2023-08-16",0.31,"Maxar WV03",18,0
"14_00004",14,13681400,5002,2017,"16245","2022-04-27","2015-06-26",0.5,"Maxar WV02",17,-2
"14_00004",14,13681400,5002,2023,"63116","2026-09-24","2022-10-05",0.5,"Vantor WV02",18,-1
"14_00005",14,20212405,5002,2017,"16245","2022-04-27","2018-05-08",0.31,"Maxar WV03",17,1
"14_00005",14,20212405,5002,2023,"63116","2026-09-24","2022-08-12",0.5,"Vantor WV02",18,-1
"14_00006",14,15337168,5002,2017,"16245","2022-04-27","2018-05-08",0.31,"Maxar WV03",17,1
"14_00006",14,15337168,5002,2023,"63116","2026-09-24","2021-06-22",0.5,"Vantor WV02",18,-2
"14_00007",14,11524505,2005,2017,"16245","2022-04-27","2015-06-26",0.5,"Maxar WV02",17,-2
"14_00007",14,11524505,2005,2023,"63116","2026-09-24","2022-10-05",0.5,"Vantor WV02",18,-1
"14_00008",14,16169364,2005,2017,"16245","2022-04-27","2018-05-08",0.31,"Maxar WV03",17,1
"14_00008",14,16169364,2005,2023,"63116","2026-09-24","2022-08-12",0.5,"Vantor WV02",18,-1
"14_00009",14,23090523,2005,2017,"60013","2024-03-07","2016-09-30",0.5,"Maxar WV02",18,-1
"14_00009",14,23090523,2005,2023,"63116","2026-09-24","2023-08-25",0.5,"Vantor WV02",18,0
"14_00010",14,15694967,5002,2017,"16245","2022-04-27","2018-05-08",0.31,"Maxar WV03",17,1
"14_00010",14,15694967,5002,2023,"63116","2026-09-24","2021-06-22",0.5,"Vantor WV02",18,-2
"14_00011",14,11050966,2005,2017,"16245","2022-04-27","2015-06-26",0.5,"Maxar WV02",17,-2
"14_00011",14,11050966,2005,2023,"63116","2026-09-24","2022-10-05",0.5,"Vantor WV02",18,-1
"14_00012",14,3025842,5002,2017,"44873","2023-03-15","2021-07-01",0.5,"Maxar WV02",17,4
"14_00012",14,3025842,5002,2023,"63116","2026-09-24","2022-08-12",0.46,"Vantor GE01",18,-1
"14_00013",14,35876479,5002,2017,"26751","2020-04-08","2016-06-30",0.31,"Maxar WV03_VNIR",17,-1
"14_00013",14,35876479,5002,2023,"6543","2025-03-27","2023-08-16",0.31,"Maxar WV03",18,0
"14_00014",14,14556285,2005,2017,"44873","2023-03-15","2013-05-06",0.5,"Maxar WV02",17,-4
"14_00014",14,14556285,2005,2023,"63116","2026-09-24","2022-10-05",0.5,"Vantor WV02",18,-1
"14_00015",14,15730750,5002,2017,"16245","2022-04-27","2018-05-08",0.31,"Maxar WV03",17,1
"14_00015",14,15730750,5002,2023,"63116","2026-09-24","2021-06-22",0.5,"Vantor WV02",18,-2
"14_00016",14,16705197,5002,2017,"16245","2022-04-27","2015-06-26",0.5,"Maxar WV02",17,-2
"14_00016",14,16705197,5002,2023,"63116","2026-09-24","2021-06-22",0.5,"Vantor WV02",18,-2
"14_00017",14,19215819,2005,2017,"63116","2026-09-24","2013-05-06",0.5,"Vantor WV02",18,-4
"14_00017",14,19215819,2005,2023,"63116","2026-09-24","2013-05-06",0.5,"Vantor WV02",18,-10
"14_00018",14,11533466,2005,2017,"16245","2022-04-27","2015-06-26",0.5,"Maxar WV02",17,-2
"14_00018",14,11533466,2005,2023,"63116","2026-09-24","2022-10-05",0.5,"Vantor WV02",18,-1
"14_00019",14,20195618,5002,2017,"44873","2023-03-15","2018-08-24",0.31,"Maxar WV03",17,1
"14_00019",14,20195618,5002,2023,"6543","2025-03-27","2022-08-12",0.5,"Maxar WV02",18,-1
"14_00020",14,19282835,2005,2017,"44873","2023-03-15","2018-08-24",0.31,"Maxar WV03",17,1
"14_00020",14,19282835,2005,2023,"63116","2026-09-24","2022-08-12",0.5,"Vantor WV02",18,-1
"14_00021",14,9725071,2005,2017,"44873","2023-03-15","2021-07-01",0.5,"Maxar WV02",17,4
"14_00021",14,9725071,2005,2023,"63116","2026-09-24","2022-08-12",0.46,"Vantor GE01",18,-1
"14_00022",14,28269473,2005,2017,"60013","2024-03-07","2016-09-30",0.5,"Maxar WV02",18,-1
"14_00022",14,28269473,2005,2023,"63116","2026-09-24","2023-08-25",0.5,"Vantor WV02",18,0
"14_00023",14,14692883,5002,2017,"16245","2022-04-27","2014-06-30",0.46,"Maxar GE01",17,-3
"14_00023",14,14692883,5002,2023,"63116","2026-09-24","2021-06-22",0.5,"Vantor WV02",18,-2
"14_00024",14,14871667,5002,2017,"16245","2022-04-27","2014-06-30",0.46,"Maxar GE01",17,-3
"14_00024",14,14871667,5002,2023,"63116","2026-09-24","2021-06-22",0.5,"Vantor WV02",18,-2
"14_00025",14,3025841,5002,2017,"44873","2023-03-15","2021-07-01",0.5,"Maxar WV02",17,4
"14_00025",14,3025841,5002,2023,"63116","2026-09-24","2022-08-12",0.46,"Vantor GE01",18,-1
"14_00026",14,17686138,2005,2017,"63116","2026-09-24","2013-05-06",0.5,"Vantor WV02",18,-4
"14_00026",14,17686138,2005,2023,"63116","2026-09-24","2013-05-06",0.5,"Vantor WV02",18,-10
"14_00027",14,12267972,5002,2017,"16245","2022-04-27","2015-06-26",0.5,"Maxar WV02",17,-2
"14_00027",14,12267972,5002,2023,"63116","2026-09-24","2022-10-05",0.5,"Vantor WV02",18,-1
"14_00028",14,12080199,5002,2017,"16245","2022-04-27","2015-06-26",0.5,"Maxar WV02",17,-2
"14_00028",14,12080199,5002,2023,"63116","2026-09-24","2022-10-05",0.5,"Vantor WV02",18,-1
"14_00029",14,15372819,5002,2017,"16245","2022-04-27","2018-05-08",0.31,"Maxar WV03",17,1
"14_00029",14,15372819,5002,2023,"63116","2026-09-24","2021-06-22",0.5,"Vantor WV02",18,-2
"14_00030",14,14717272,2005,2017,"44873","2023-03-15","2013-05-06",0.5,"Maxar WV02",17,-4
"14_00030",14,14717272,2005,2023,"63116","2026-09-24","2022-10-05",0.5,"Vantor WV02",18,-1
"15_00001",15,46019685,9002,2017,"58924","2025-09-25","2018-07-24",0.5,"Maxar WV02",18,1
"15_00001",15,46019685,9002,2023,"63116","2026-09-24","2025-06-11",0.31,"Vantor WV03",18,2
"15_00002",15,17471292,9002,2017,"63116","2026-09-24","2013-05-06",0.5,"Vantor WV02",18,-4
"15_00002",15,17471292,9002,2023,"63116","2026-09-24","2013-05-06",0.5,"Vantor WV02",18,-10
"15_00003",15,3571110,9011,2017,"44873","2023-03-15","2021-07-01",0.5,"Maxar WV02",17,4
"15_00003",15,3571110,9011,2023,"63116","2026-09-24","2022-08-12",0.46,"Vantor GE01",18,-1
"15_00004",15,46019680,9011,2017,"58924","2025-09-25","2018-07-24",0.5,"Maxar WV02",18,1
"15_00004",15,46019680,9011,2023,"63116","2026-09-24","2025-06-11",0.31,"Vantor WV03",18,2
"15_00005",15,17295002,9011,2017,"16245","2022-04-27","2015-06-26",0.5,"Maxar WV02",17,-2
"15_00005",15,17295002,9011,2023,"63116","2026-09-24","2021-06-22",0.5,"Vantor WV02",18,-2
"15_00006",15,17382029,9007,2017,"63116","2026-09-24","2013-05-06",0.5,"Vantor WV02",18,-4
"15_00006",15,17382029,9007,2023,"63116","2026-09-24","2013-05-06",0.5,"Vantor WV02",18,-10
"15_00007",15,2999009,9002,2017,"44873","2023-03-15","2021-07-01",0.5,"Maxar WV02",17,4
"15_00007",15,2999009,9002,2023,"63116","2026-09-24","2022-08-12",0.46,"Vantor GE01",18,-1
"15_00008",15,28475519,9011,2017,"63116","2026-09-24","2016-09-30",0.5,"Vantor WV02",18,-1
"15_00008",15,28475519,9011,2023,"63116","2026-09-24","2016-09-30",0.5,"Vantor WV02",18,-7
"15_00009",15,21407607,9002,2017,"60013","2024-03-07","2013-05-06",0.5,"Maxar WV02",18,-4
"15_00009",15,21407607,9002,2023,"63116","2026-09-24","2023-08-25",0.5,"Vantor WV02",18,0
"15_00010",15,45948110,9002,2017,"58924","2025-09-25","2018-07-24",0.5,"Maxar WV02",18,1
"15_00010",15,45948110,9002,2023,"63116","2026-09-24","2025-06-11",0.31,"Vantor WV03",18,2
"15_00011",15,44225242,9011,2017,"63116","2026-09-24","2015-06-26",0.5,"Vantor WV02",18,-2
"15_00011",15,44225242,9011,2023,"63116","2026-09-24","2015-06-26",0.5,"Vantor WV02",18,-8
"15_00012",15,17301520,9005,2017,"63116","2026-09-24","2013-05-06",0.5,"Vantor WV02",18,-4
"15_00012",15,17301520,9005,2023,"63116","2026-09-24","2013-05-06",0.5,"Vantor WV02",18,-10
"15_00013",15,3651608,9011,2017,"44873","2023-03-15","2021-07-01",0.5,"Maxar WV02",17,4
"15_00013",15,3651608,9011,2023,"63116","2026-09-24","2022-08-12",0.46,"Vantor GE01",18,-1
"15_00014",15,22185777,9002,2017,"60013","2024-03-07","2013-05-06",0.5,"Maxar WV02",18,-4
"15_00014",15,22185777,9002,2023,"63116","2026-09-24","2023-08-25",0.5,"Vantor WV02",18,0
"15_00015",15,46487944,9011,2017,"63116","2026-09-24","2015-06-26",0.5,"Vantor WV02",18,-2
"15_00015",15,46487944,9011,2023,"63116","2026-09-24","2015-06-26",0.5,"Vantor WV02",18,-8
"15_00016",15,26335520,9011,2017,"60013","2024-03-07","2015-06-26",0.5,"Maxar WV02",18,-2
"15_00016",15,26335520,9011,2023,"63116","2026-09-24","2023-08-25",0.5,"Vantor WV02",18,0
"15_00017",15,17382026,9007,2017,"63116","2026-09-24","2013-05-06",0.5,"Vantor WV02",18,-4
"15_00017",15,17382026,9007,2023,"63116","2026-09-24","2013-05-06",0.5,"Vantor WV02",18,-10
"15_00018",15,40223410,9001,2017,"58924","2025-09-25","2018-07-24",0.5,"Maxar WV02",18,1
"15_00018",15,40223410,9001,2023,"63116","2026-09-24","2025-06-11",0.31,"Vantor WV03",18,2
"15_00019",15,20274474,9011,2017,"16245","2022-04-27","2014-06-30",0.46,"Maxar GE01",17,-3
"15_00019",15,20274474,9011,2023,"63116","2026-09-24","2025-05-01",0.34,"Vantor LG01",18,2
"15_00020",15,51270454,9002,2017,"58924","2025-09-25","2018-07-24",0.5,"Maxar WV02",18,1
"15_00020",15,51270454,9002,2023,"63116","2026-09-24","2025-06-11",0.31,"Vantor WV03",18,2
"15_00021",15,45948109,9002,2017,"58924","2025-09-25","2018-07-24",0.5,"Maxar WV02",18,1
"15_00021",15,45948109,9002,2023,"63116","2026-09-24","2025-06-11",0.31,"Vantor WV03",18,2
"15_00022",15,21943965,9001,2017,"60013","2024-03-07","2013-05-06",0.5,"Maxar WV02",18,-4
"15_00022",15,21943965,9001,2023,"63116","2026-09-24","2023-08-25",0.5,"Vantor WV02",18,0
"15_00023",15,26362355,9011,2017,"60013","2024-03-07","2015-06-26",0.5,"Maxar WV02",18,-2
"15_00023",15,26362355,9011,2023,"63116","2026-09-24","2023-08-25",0.5,"Vantor WV02",18,0
"15_00024",15,17507072,9007,2017,"63116","2026-09-24","2013-05-06",0.5,"Vantor WV02",18,-4
"15_00024",15,17507072,9007,2023,"63116","2026-09-24","2013-05-06",0.5,"Vantor WV02",18,-10
"15_00025",15,3624774,9011,2017,"44873","2023-03-15","2021-07-01",0.5,"Maxar WV02",17,4
"15_00025",15,3624774,9011,2023,"63116","2026-09-24","2022-08-12",0.46,"Vantor GE01",18,-1
"15_00026",15,22167885,9002,2017,"60013","2024-03-07","2013-05-06",0.5,"Maxar WV02",18,-4
"15_00026",15,22167885,9002,2023,"63116","2026-09-24","2023-08-25",0.5,"Vantor WV02",18,0
"15_00027",15,21488111,9002,2017,"60013","2024-03-07","2013-05-06",0.5,"Maxar WV02",18,-4
"15_00027",15,21488111,9002,2023,"63116","2026-09-24","2023-08-25",0.5,"Vantor WV02",18,0
"15_00028",15,26326573,9011,2017,"60013","2024-03-07","2015-06-26",0.5,"Maxar WV02",18,-2
"15_00028",15,26326573,9011,2023,"63116","2026-09-24","2023-08-25",0.5,"Vantor WV02",18,0
"15_00029",15,41821474,9002,2017,"63116","2026-09-24","2016-09-30",0.5,"Vantor WV02",18,-1
"15_00029",15,41821474,9002,2023,"63116","2026-09-24","2016-09-30",0.5,"Vantor WV02",18,-7
"15_00030",15,22480998,9007,2017,"60013","2024-03-07","2013-05-06",0.5,"Maxar WV02",18,-4
"15_00030",15,22480998,9007,2023,"63116","2026-09-24","2023-08-25",0.5,"Vantor WV02",18,0
"16_00001",16,25709564,2001,2017,"60013","2024-03-07","2015-06-26",0.5,"Maxar WV02",18,-2
"16_00001",16,25709564,2001,2023,"63116","2026-09-24","2023-08-25",0.5,"Vantor WV02",18,0
"16_00002",16,24951936,2001,2017,"44873","2023-03-15","2016-09-30",0.5,"Maxar WV02",17,-1
"16_00002",16,24951936,2001,2023,"63116","2026-09-24","2021-06-22",0.5,"Vantor WV02",18,-2
"16_00003",16,21616927,1005,2017,"44873","2023-03-15","2018-07-24",0.5,"Maxar WV02",17,1
"16_00003",16,21616927,1005,2023,"6543","2025-03-27","2022-08-12",0.5,"Maxar WV02",18,-1
"16_00004",16,21599363,1002,2017,"6543","2025-03-27","2018-08-24",0.31,"Maxar WV03",18,1
"16_00004",16,21599363,1002,2023,"63116","2026-09-24","2021-06-22",0.5,"Vantor WV02",18,-2
"16_00005",16,47364408,8001,2017,"63116","2026-09-24","2015-06-26",0.5,"Vantor WV02",18,-2
"16_00005",16,47364408,8001,2023,"63116","2026-09-24","2015-06-26",0.5,"Vantor WV02",18,-8
"16_00006",16,27232027,2001,2017,"60013","2024-03-07","2016-09-30",0.5,"Maxar WV02",18,-1
"16_00006",16,27232027,2001,2023,"63116","2026-09-24","2023-08-25",0.5,"Vantor WV02",18,0
"16_00007",16,27205194,2001,2017,"60013","2024-03-07","2016-09-30",0.5,"Maxar WV02",18,-1
"16_00007",16,27205194,2001,2023,"63116","2026-09-24","2023-08-25",0.5,"Vantor WV02",18,0
"16_00008",16,14691413,2001,2017,"44873","2023-03-15","2015-06-26",0.5,"Maxar WV02",17,-2
"16_00008",16,14691413,2001,2023,"63116","2026-09-24","2022-10-05",0.5,"Vantor WV02",18,-1
"16_00009",16,25822204,1008,2017,"26751","2020-04-08","2016-06-30",0.31,"Maxar WV03_VNIR",17,-1
"16_00009",16,25822204,1008,2023,"6543","2025-03-27","2023-08-16",0.31,"Maxar WV03",18,0
"16_00010",16,45504077,2001,2017,"63116","2026-09-24","2015-06-26",0.5,"Vantor WV02",18,-2
"16_00010",16,45504077,2001,2023,"63116","2026-09-24","2015-06-26",0.5,"Vantor WV02",18,-8
"16_00011",16,19287410,1002,2017,"63116","2026-09-24","2013-05-06",0.5,"Vantor WV02",18,-4
"16_00011",16,19287410,1002,2023,"63116","2026-09-24","2013-05-06",0.5,"Vantor WV02",18,-10
"16_00012",16,23177731,8001,2017,"16245","2022-04-27","2015-06-26",0.5,"Maxar WV02",17,-2
"16_00012",16,23177731,8001,2023,"63116","2026-09-24","2021-04-20",0.31,"Vantor WV03",18,-2
"16_00013",16,45745572,1011,2017,"63116","2026-09-24","2015-06-26",0.5,"Vantor WV02",18,-2
"16_00013",16,45745572,1011,2023,"63116","2026-09-24","2015-06-26",0.5,"Vantor WV02",18,-8
"16_00014",16,19010136,1002,2017,"63116","2026-09-24","2013-05-06",0.5,"Vantor WV02",18,-4
"16_00014",16,19010136,1002,2023,"63116","2026-09-24","2013-05-06",0.5,"Vantor WV02",18,-10
"16_00015",16,32892296,8001,2017,"60013","2024-03-07","2015-06-26",0.5,"Maxar WV02",18,-2
"16_00015",16,32892296,8001,2023,"63116","2026-09-24","2023-08-25",0.5,"Vantor WV02",18,0
"16_00016",16,27178360,2001,2017,"60013","2024-03-07","2016-09-30",0.5,"Maxar WV02",18,-1
"16_00016",16,27178360,2001,2023,"63116","2026-09-24","2023-08-25",0.5,"Vantor WV02",18,0
"16_00017",16,19394747,1011,2017,"63116","2026-09-24","2013-05-06",0.5,"Vantor WV02",18,-4
"16_00017",16,19394747,1011,2023,"63116","2026-09-24","2013-05-06",0.5,"Vantor WV02",18,-10
"16_00018",16,21747458,1002,2017,"60013","2024-03-07","2013-05-06",0.5,"Maxar WV02",18,-4
"16_00018",16,21747458,1002,2023,"63116","2026-09-24","2023-08-25",0.5,"Vantor WV02",18,0
"16_00019",16,17552029,1002,2017,"63116","2026-09-24","2013-05-06",0.5,"Vantor WV02",18,-4
"16_00019",16,17552029,1002,2023,"63116","2026-09-24","2013-05-06",0.5,"Vantor WV02",18,-10
"16_00020",16,19215865,1002,2017,"63116","2026-09-24","2013-05-06",0.5,"Vantor WV02",18,-4
"16_00020",16,19215865,1002,2023,"63116","2026-09-24","2013-05-06",0.5,"Vantor WV02",18,-10
"16_00021",16,46648976,2001,2017,"63116","2026-09-24","2015-06-26",0.5,"Vantor WV02",18,-2
"16_00021",16,46648976,2001,2023,"63116","2026-09-24","2015-06-26",0.5,"Vantor WV02",18,-8
"16_00022",16,28992010,2001,2017,"63116","2026-09-24","2015-06-26",0.5,"Vantor WV02",18,-2
"16_00022",16,28992010,2001,2023,"63116","2026-09-24","2015-06-26",0.5,"Vantor WV02",18,-8
"16_00023",16,17212006,1002,2017,"63116","2026-09-24","2013-05-06",0.5,"Vantor WV02",18,-4
"16_00023",16,17212006,1002,2023,"63116","2026-09-24","2013-05-06",0.5,"Vantor WV02",18,-10
"16_00024",16,35849640,5001,2017,"26751","2020-04-08","2016-06-30",0.31,"Maxar WV03_VNIR",17,-1
"16_00024",16,35849640,5001,2023,"6543","2025-03-27","2023-08-16",0.31,"Maxar WV03",18,0
"16_00025",16,45343134,2001,2017,"63116","2026-09-24","2015-06-26",0.5,"Vantor WV02",18,-2
"16_00025",16,45343134,2001,2023,"63116","2026-09-24","2015-06-26",0.5,"Vantor WV02",18,-8
"16_00026",16,36627843,11001,2017,"26751","2020-04-08","2016-06-30",0.31,"Maxar WV03_VNIR",17,-1
"16_00026",16,36627843,11001,2023,"6543","2025-03-27","2023-08-16",0.31,"Maxar WV03",18,0
"16_00027",16,23222187,8001,2017,"16245","2022-04-27","2015-06-26",0.5,"Maxar WV02",17,-2
"16_00027",16,23222187,8001,2023,"63116","2026-09-24","2021-04-20",0.31,"Vantor WV03",18,-2
"16_00028",16,16308410,1005,2017,"63116","2026-09-24","2013-05-06",0.5,"Vantor WV02",18,-4
"16_00028",16,16308410,1005,2023,"63116","2026-09-24","2013-05-06",0.5,"Vantor WV02",18,-10
"16_00029",16,33697253,8001,2017,"60013","2024-03-07","2015-06-26",0.5,"Maxar WV02",18,-2
"16_00029",16,33697253,8001,2023,"63116","2026-09-24","2023-08-25",0.5,"Vantor WV02",18,0
"16_00030",16,17775586,1002,2017,"63116","2026-09-24","2013-05-06",0.5,"Vantor WV02",18,-4
"16_00030",16,17775586,1002,2023,"63116","2026-09-24","2013-05-06",0.5,"Vantor WV02",18,-10
"17_00001",17,23799237,2007,2017,"16245","2022-04-27","2018-07-24",0.5,"Maxar WV02",17,1
"17_00001",17,23799237,2007,2023,"63116","2026-09-24","2021-06-22",0.5,"Vantor WV02",18,-2
"17_00002",17,17268170,2007,2017,"16245","2022-04-27","2015-06-26",0.5,"Maxar WV02",17,-2
"17_00002",17,17268170,2007,2023,"63116","2026-09-24","2021-06-22",0.5,"Vantor WV02",18,-2
"17_00003",17,34885342,2007,2017,"60013","2024-03-07","2018-07-24",0.5,"Maxar WV02",18,1
"17_00003",17,34885342,2007,2023,"6543","2025-03-27","2023-08-16",0.31,"Maxar WV03",18,0
"17_00004",17,16670925,2007,2017,"44873","2023-03-15","2018-08-24",0.31,"Maxar WV03",17,1
"17_00004",17,16670925,2007,2023,"63116","2026-09-24","2022-08-12",0.5,"Vantor WV02",18,-1
"17_00005",17,35706631,2007,2017,"26751","2020-04-08","2016-06-30",0.31,"Maxar WV03_VNIR",17,-1
"17_00005",17,35706631,2007,2023,"6543","2025-03-27","2023-08-16",0.31,"Maxar WV03",18,0
"17_00006",17,22099241,2007,2017,"16245","2022-04-27","2017-06-11",0.31,"Maxar WV03",17,0
"17_00006",17,22099241,2007,2023,"63116","2026-09-24","2025-05-01",0.34,"Vantor LG01",18,2
"17_00007",17,27277869,2007,2017,"58924","2025-09-25","2016-09-30",0.5,"Maxar WV02",18,-1
"17_00007",17,27277869,2007,2023,"63116","2026-09-24","2025-05-01",0.34,"Vantor LG01",18,2
"17_00008",17,16644098,2007,2017,"44873","2023-03-15","2018-08-24",0.31,"Maxar WV03",17,1
"17_00008",17,16644098,2007,2023,"63116","2026-09-24","2022-08-12",0.5,"Vantor WV02",18,-1
"17_00009",17,22170746,2007,2017,"16245","2022-04-27","2017-06-11",0.31,"Maxar WV03",17,0
"17_00009",17,22170746,2007,2023,"63116","2026-09-24","2025-05-01",0.34,"Vantor LG01",18,2
"17_00010",17,33203153,2007,2017,"60013","2024-03-07","2018-07-24",0.5,"Maxar WV02",18,1
"17_00010",17,33203153,2007,2023,"6543","2025-03-27","2023-08-16",0.31,"Maxar WV03",18,0
"17_00011",17,39887515,2007,2017,"63116","2026-09-24","2013-08-09",0.5,"Vantor WV02",18,-4
"17_00011",17,39887515,2007,2023,"63116","2026-09-24","2013-08-09",0.5,"Vantor WV02",18,-10
"17_00012",17,22233422,2007,2017,"16245","2022-04-27","2017-06-11",0.31,"Maxar WV03",17,0
"17_00012",17,22233422,2007,2023,"63116","2026-09-24","2025-05-01",0.34,"Vantor LG01",18,2
"17_00013",17,38497461,2007,2017,"26751","2020-04-08","2016-06-30",0.31,"Maxar WV03_VNIR",17,-1
"17_00013",17,38497461,2007,2023,"6543","2025-03-27","2023-08-16",0.31,"Maxar WV03",18,0
"17_00014",17,19406877,2007,2017,"16245","2022-04-27","2014-06-30",0.46,"Maxar GE01",17,-3
"17_00014",17,19406877,2007,2023,"63116","2026-09-24","2025-05-01",0.34,"Vantor LG01",18,2
"17_00015",17,31467589,2007,2017,"60013","2024-03-07","2018-07-24",0.5,"Maxar WV02",18,1
"17_00015",17,31467589,2007,2023,"6543","2025-03-27","2023-08-16",0.31,"Maxar WV03",18,0
"17_00016",17,14800672,2007,2017,"16245","2022-04-27","2018-05-08",0.31,"Maxar WV03",17,1
"17_00016",17,14800672,2007,2023,"63116","2026-09-24","2022-08-12",0.5,"Vantor WV02",18,-1
"17_00017",17,23718718,2007,2017,"16245","2022-04-27","2018-07-24",0.5,"Maxar WV02",17,1
"17_00017",17,23718718,2007,2023,"63116","2026-09-24","2021-06-22",0.5,"Vantor WV02",18,-2
"17_00018",17,22063476,2007,2017,"16245","2022-04-27","2017-06-11",0.31,"Maxar WV03",17,0
"17_00018",17,22063476,2007,2023,"63116","2026-09-24","2025-05-01",0.34,"Vantor LG01",18,2
"17_00019",17,32018637,2007,2017,"58924","2025-09-25","2016-09-30",0.5,"Maxar WV02",18,-1
"17_00019",17,32018637,2007,2023,"63116","2026-09-24","2025-05-01",0.34,"Vantor LG01",18,2
"17_00020",17,33095796,2007,2017,"60013","2024-03-07","2018-07-24",0.5,"Maxar WV02",18,1
"17_00020",17,33095796,2007,2023,"6543","2025-03-27","2023-08-16",0.31,"Maxar WV03",18,0
"17_00021",17,23727658,2007,2017,"16245","2022-04-27","2018-07-24",0.5,"Maxar WV02",17,1
"17_00021",17,23727658,2007,2023,"63116","2026-09-24","2021-06-22",0.5,"Vantor WV02",18,-2
"17_00022",17,15530118,2007,2017,"6543","2025-03-27","2013-05-06",0.5,"Maxar WV02",18,-4
"17_00022",17,15530118,2007,2023,"63116","2026-09-24","2024-04-12",0.46,"Vantor GE01",18,1
"17_00023",17,13680365,2007,2017,"16245","2022-04-27","2015-06-26",0.5,"Maxar WV02",17,-2
"17_00023",17,13680365,2007,2023,"63116","2026-09-24","2022-10-05",0.5,"Vantor WV02",18,-1
"17_00024",17,20962315,2007,2017,"16245","2022-04-27","2016-09-30",0.5,"Maxar WV02",17,-1
"17_00024",17,20962315,2007,2023,"63116","2026-09-24","2021-06-22",0.5,"Vantor WV02",18,-2
"17_00025",17,21177863,2007,2017,"16245","2022-04-27","2014-06-30",0.46,"Maxar GE01",17,-3
"17_00025",17,21177863,2007,2023,"63116","2026-09-24","2025-05-01",0.34,"Vantor LG01",18,2
"17_00026",17,27331550,2007,2017,"58924","2025-09-25","2016-09-30",0.5,"Maxar WV02",18,-1
"17_00026",17,27331550,2007,2023,"63116","2026-09-24","2025-05-01",0.34,"Vantor LG01",18,2
"17_00027",17,20873777,2007,2017,"16245","2022-04-27","2014-06-30",0.46,"Maxar GE01",17,-3
"17_00027",17,20873777,2007,2023,"63116","2026-09-24","2025-05-01",0.34,"Vantor LG01",18,2
"17_00028",17,32925885,2007,2017,"60013","2024-03-07","2018-07-24",0.5,"Maxar WV02",18,1
"17_00028",17,32925885,2007,2023,"6543","2025-03-27","2023-08-16",0.31,"Maxar WV03",18,0
"17_00029",17,31217067,2007,2017,"60013","2024-03-07","2018-07-24",0.5,"Maxar WV02",18,1
"17_00029",17,31217067,2007,2023,"6543","2025-03-27","2023-08-16",0.31,"Maxar WV03",18,0
"17_00030",17,23745553,2007,2017,"16245","2022-04-27","2018-07-24",0.5,"Maxar WV02",17,1
"17_00030",17,23745553,2007,2023,"63116","2026-09-24","2021-06-22",0.5,"Vantor WV02",18,-2
"18_00001",18,29180272,7011,2017,"60013","2024-03-07","2015-06-26",0.5,"Maxar WV02",18,-2
"18_00001",18,29180272,7011,2023,"63116","2026-09-24","2023-08-25",0.5,"Vantor WV02",18,0
"18_00002",18,14800274,8002,2017,"16245","2022-04-27","2014-06-30",0.46,"Maxar GE01",17,-3
"18_00002",18,14800274,8002,2023,"63116","2026-09-24","2021-06-22",0.5,"Vantor WV02",18,-2
"18_00003",18,27546231,11007,2017,"58924","2025-09-25","2016-09-30",0.5,"Maxar WV02",18,-1
"18_00003",18,27546231,11007,2023,"63116","2026-09-24","2025-05-01",0.34,"Vantor LG01",18,2
"18_00004",18,20748779,11007,2017,"16245","2022-04-27","2018-05-08",0.31,"Maxar WV03",17,1
"18_00004",18,20748779,11007,2023,"63116","2026-09-24","2025-05-01",0.34,"Vantor LG01",18,2
"18_00005",18,23248594,8002,2017,"16245","2022-04-27","2015-06-26",0.5,"Maxar WV02",17,-2
"18_00005",18,23248594,8002,2023,"63116","2026-09-24","2021-04-20",0.31,"Vantor WV03",18,-2
"18_00006",18,17259218,7011,2017,"16245","2022-04-27","2015-06-26",0.5,"Maxar WV02",17,-2
"18_00006",18,17259218,7011,2023,"63116","2026-09-24","2021-06-22",0.5,"Vantor WV02",18,-2
"18_00007",18,33017442,8011,2017,"60013","2024-03-07","2015-06-26",0.5,"Maxar WV02",18,-2
"18_00007",18,33017442,8011,2023,"63116","2026-09-24","2023-08-25",0.5,"Vantor WV02",18,0
"18_00008",18,25372648,11007,2017,"16245","2022-04-27","2016-09-30",0.5,"Maxar WV02",17,-1
"18_00008",18,25372648,11007,2023,"63116","2026-09-24","2021-06-22",0.5,"Vantor WV02",18,-2
"18_00009",18,14197468,11007,2017,"6543","2025-03-27","2013-05-06",0.5,"Maxar WV02",18,-4
"18_00009",18,14197468,11007,2023,"63116","2026-09-24","2024-04-12",0.46,"Vantor GE01",18,1
"18_00010",18,20739825,8007,2017,"16245","2022-04-27","2018-05-08",0.31,"Maxar WV03",17,1
"18_00010",18,20739825,8007,2023,"63116","2026-09-24","2025-05-01",0.34,"Vantor LG01",18,2
"18_00011",18,20846250,5007,2017,"16245","2022-04-27","2015-06-26",0.5,"Maxar WV02",17,-2
"18_00011",18,20846250,5007,2023,"63116","2026-09-24","2021-06-22",0.5,"Vantor WV02",18,-2
"18_00012",18,13427916,8002,2017,"44873","2023-03-15","2021-04-20",0.31,"Maxar WV03",17,4
"18_00012",18,13427916,8002,2023,"63116","2026-09-24","2024-04-12",0.46,"Vantor GE01",18,1
"18_00013",18,20847175,11007,2017,"16245","2022-04-27","2018-05-08",0.31,"Maxar WV03",17,1
"18_00013",18,20847175,11007,2023,"63116","2026-09-24","2025-05-01",0.34,"Vantor LG01",18,2
"18_00014",18,31388665,8002,2017,"63116","2026-09-24","2015-06-26",0.5,"Vantor WV02",18,-2
"18_00014",18,31388665,8002,2023,"63116","2026-09-24","2015-06-26",0.5,"Vantor WV02",18,-8
"18_00015",18,37104817,8002,2017,"63116","2026-09-24","2015-06-26",0.5,"Vantor WV02",18,-2
"18_00015",18,37104817,8002,2023,"63116","2026-09-24","2015-06-26",0.5,"Vantor WV02",18,-8
"18_00016",18,8921678,8002,2017,"16245","2022-04-27","2015-06-26",0.5,"Maxar WV02",17,-2
"18_00016",18,8921678,8002,2023,"63116","2026-09-24","2022-10-05",0.5,"Vantor WV02",18,-1
"18_00017",18,20819847,5007,2017,"16245","2022-04-27","2015-06-26",0.5,"Maxar WV02",17,-2
"18_00017",18,20819847,5007,2023,"63116","2026-09-24","2025-05-01",0.34,"Vantor LG01",18,2
"18_00018",18,21079450,11007,2017,"16245","2022-04-27","2014-06-30",0.46,"Maxar GE01",17,-3
"18_00018",18,21079450,11007,2023,"63116","2026-09-24","2025-05-01",0.34,"Vantor LG01",18,2
"18_00019",18,39869615,11007,2017,"63116","2026-09-24","2013-08-09",0.5,"Vantor WV02",18,-4
"18_00019",18,39869615,11007,2023,"63116","2026-09-24","2013-08-09",0.5,"Vantor WV02",18,-10
"18_00020",18,28729092,8005,2017,"58924","2025-09-25","2018-07-24",0.5,"Maxar WV02",18,1
"18_00020",18,28729092,8005,2023,"63116","2026-09-24","2025-06-11",0.31,"Vantor WV03",18,2
"18_00021",18,29099774,7011,2017,"60013","2024-03-07","2015-06-26",0.5,"Maxar WV02",18,-2
"18_00021",18,29099774,7011,2023,"63116","2026-09-24","2023-08-25",0.5,"Vantor WV02",18,0
"18_00022",18,25462102,11007,2017,"16245","2022-04-27","2016-09-30",0.5,"Maxar WV02",17,-1
"18_00022",18,25462102,11007,2023,"63116","2026-09-24","2021-06-22",0.5,"Vantor WV02",18,-2
"18_00023",18,27573060,11007,2017,"58924","2025-09-25","2016-09-30",0.5,"Maxar WV02",18,-1
"18_00023",18,27573060,11007,2023,"63116","2026-09-24","2025-05-01",0.34,"Vantor LG01",18,2
"18_00024",18,20748402,8007,2017,"16245","2022-04-27","2015-06-26",0.5,"Maxar WV02",17,-2
"18_00024",18,20748402,8007,2023,"63116","2026-09-24","2025-05-01",0.34,"Vantor LG01",18,2
"18_00025",18,20775603,11007,2017,"16245","2022-04-27","2018-05-08",0.31,"Maxar WV03",17,1
"18_00025",18,20775603,11007,2023,"63116","2026-09-24","2025-05-01",0.34,"Vantor LG01",18,2
"18_00026",18,20730861,8007,2017,"16245","2022-04-27","2018-05-08",0.31,"Maxar WV03",17,1
"18_00026",18,20730861,8007,2023,"63116","2026-09-24","2025-05-01",0.34,"Vantor LG01",18,2
"18_00027",18,13315091,11008,2017,"16245","2022-04-27","2015-06-26",0.5,"Maxar WV02",17,-2
"18_00027",18,13315091,11008,2023,"63116","2026-09-24","2022-10-05",0.5,"Vantor WV02",18,-1
"18_00028",18,36165580,8002,2017,"63116","2026-09-24","2015-06-26",0.5,"Vantor WV02",18,-2
"18_00028",18,36165580,8002,2023,"63116","2026-09-24","2015-06-26",0.5,"Vantor WV02",18,-8
"18_00029",18,23293311,8002,2017,"16245","2022-04-27","2015-06-26",0.5,"Maxar WV02",17,-2
"18_00029",18,23293311,8002,2023,"63116","2026-09-24","2021-04-20",0.31,"Vantor WV03",18,-2
"18_00030",18,19809425,8007,2017,"16245","2022-04-27","2014-06-30",0.46,"Maxar GE01",17,-3
"18_00030",18,19809425,8007,2023,"63116","2026-09-24","2025-05-01",0.34,"Vantor LG01",18,2
"19_00001",19,36051908,11002,2017,"63116","2026-09-24","2016-09-30",0.5,"Vantor WV02",18,-1
"19_00001",19,36051908,11002,2023,"63116","2026-09-24","2016-09-30",0.5,"Vantor WV02",18,-7
"19_00002",19,46513562,2011,2017,"60013","2024-03-07","2018-07-24",0.5,"Maxar WV02",18,1
"19_00002",19,46513562,2011,2023,"6543","2025-03-27","2023-08-16",0.31,"Maxar WV03",18,0
"19_00003",19,49259432,2011,2017,"60013","2024-03-07","2018-07-24",0.5,"Maxar WV02",18,1
"19_00003",19,49259432,2011,2023,"6543","2025-03-27","2023-08-16",0.31,"Maxar WV03",18,0
"19_00004",19,36212859,11002,2017,"63116","2026-09-24","2016-09-30",0.5,"Vantor WV02",18,-1
"19_00004",19,36212859,11002,2023,"63116","2026-09-24","2016-09-30",0.5,"Vantor WV02",18,-7
"19_00005",19,40971178,11002,2017,"63116","2026-09-24","2016-09-30",0.5,"Vantor WV02",18,-1
"19_00005",19,40971178,11002,2023,"63116","2026-09-24","2016-09-30",0.5,"Vantor WV02",18,-7
"19_00006",19,21617122,11005,2017,"44873","2023-03-15","2018-07-24",0.5,"Maxar WV02",17,1
"19_00006",19,21617122,11005,2023,"63116","2026-09-24","2021-06-22",0.5,"Vantor WV02",18,-2
"19_00007",19,40774386,11002,2017,"63116","2026-09-24","2016-09-30",0.5,"Vantor WV02",18,-1
"19_00007",19,40774386,11002,2023,"63116","2026-09-24","2016-09-30",0.5,"Vantor WV02",18,-7
"19_00008",19,21599280,11005,2017,"6543","2025-03-27","2018-08-24",0.31,"Maxar WV03",18,1
"19_00008",19,21599280,11005,2023,"63116","2026-09-24","2021-06-22",0.5,"Vantor WV02",18,-2
"19_00009",19,44697046,11005,2017,"60013","2024-03-07","2018-07-24",0.5,"Maxar WV02",18,1
"19_00009",19,44697046,11005,2023,"58924","2025-09-25","2023-08-16",0.31,"Maxar WV03",18,0
"19_00010",19,43265919,2011,2017,"60013","2024-03-07","2018-07-24",0.5,"Maxar WV02",18,1
"19_00010",19,43265919,2011,2023,"6543","2025-03-27","2023-08-16",0.31,"Maxar WV03",18,0
"19_00011",19,35649345,11002,2017,"63116","2026-09-24","2016-09-30",0.5,"Vantor WV02",18,-1
"19_00011",19,35649345,11002,2023,"63116","2026-09-24","2016-09-30",0.5,"Vantor WV02",18,-7
"19_00012",19,51629583,2011,2017,"60013","2024-03-07","2018-07-24",0.5,"Maxar WV02",18,1
"19_00012",19,51629583,2011,2023,"58924","2025-09-25","2023-08-16",0.31,"Maxar WV03",18,0
"19_00013",19,37607841,11002,2017,"63116","2026-09-24","2016-09-30",0.5,"Vantor WV02",18,-1
"19_00013",19,37607841,11002,2023,"63116","2026-09-24","2016-09-30",0.5,"Vantor WV02",18,-7
"19_00014",19,47953560,2011,2017,"60013","2024-03-07","2018-07-24",0.5,"Maxar WV02",18,1
"19_00014",19,47953560,2011,2023,"6543","2025-03-27","2023-08-16",0.31,"Maxar WV03",18,0
"19_00015",19,52470394,1011,2017,"60013","2024-03-07","2018-07-24",0.5,"Maxar WV02",18,1
"19_00015",19,52470394,1011,2023,"58924","2025-09-25","2023-08-16",0.31,"Maxar WV03",18,0
"19_00016",19,51512774,2011,2017,"26751","2020-04-08","2016-06-30",0.31,"Maxar WV03_VNIR",17,-1
"19_00016",19,51512774,2011,2023,"58924","2025-09-25","2023-08-16",0.31,"Maxar WV03",18,0
"19_00017",19,47336366,2011,2017,"60013","2024-03-07","2018-07-24",0.5,"Maxar WV02",18,1
"19_00017",19,47336366,2011,2023,"6543","2025-03-27","2023-08-16",0.31,"Maxar WV03",18,0
"19_00018",19,41472158,11002,2017,"63116","2026-09-24","2016-09-30",0.5,"Vantor WV02",18,-1
"19_00018",19,41472158,11002,2023,"63116","2026-09-24","2016-09-30",0.5,"Vantor WV02",18,-7
"19_00019",19,36507426,11002,2017,"63116","2026-09-24","2016-09-30",0.5,"Vantor WV02",18,-1
"19_00019",19,36507426,11002,2023,"63116","2026-09-24","2016-09-30",0.5,"Vantor WV02",18,-7
"19_00020",19,35944576,11002,2017,"63116","2026-09-24","2016-09-30",0.5,"Vantor WV02",18,-1
"19_00020",19,35944576,11002,2023,"63116","2026-09-24","2016-09-30",0.5,"Vantor WV02",18,-7
"19_00021",19,51360683,2011,2017,"26751","2020-04-08","2016-06-30",0.31,"Maxar WV03_VNIR",17,-1
"19_00021",19,51360683,2011,2023,"58924","2025-09-25","2023-08-16",0.31,"Maxar WV03",18,0
"19_00022",19,52693984,11002,2017,"60013","2024-03-07","2018-07-24",0.5,"Maxar WV02",18,1
"19_00022",19,52693984,11002,2023,"58924","2025-09-25","2023-08-16",0.31,"Maxar WV03",18,0
"19_00023",19,41373747,11002,2017,"63116","2026-09-24","2016-09-30",0.5,"Vantor WV02",18,-1
"19_00023",19,41373747,11002,2023,"63116","2026-09-24","2016-09-30",0.5,"Vantor WV02",18,-7
"19_00024",19,39929952,2011,2017,"60013","2024-03-07","2018-07-24",0.5,"Maxar WV02",18,1
"19_00024",19,39929952,2011,2023,"6543","2025-03-27","2023-08-16",0.31,"Maxar WV03",18,0
"19_00025",19,36203921,11002,2017,"63116","2026-09-24","2016-09-30",0.5,"Vantor WV02",18,-1
"19_00025",19,36203921,11002,2023,"63116","2026-09-24","2016-09-30",0.5,"Vantor WV02",18,-7
"19_00026",19,50976175,2011,2017,"26751","2020-04-08","2016-06-30",0.31,"Maxar WV03_VNIR",17,-1
"19_00026",19,50976175,2011,2023,"58924","2025-09-25","2023-08-16",0.31,"Maxar WV03",18,0
"19_00027",19,46253361,2011,2017,"60013","2024-03-07","2018-07-24",0.5,"Maxar WV02",18,1
"19_00027",19,46253361,2011,2023,"58924","2025-09-25","2023-08-16",0.31,"Maxar WV03",18,0
"19_00028",19,49241612,2011,2017,"60013","2024-03-07","2018-07-24",0.5,"Maxar WV02",18,1
"19_00028",19,49241612,2011,2023,"6543","2025-03-27","2023-08-16",0.31,"Maxar WV03",18,0
"19_00029",19,39822374,2011,2017,"60013","2024-03-07","2018-07-24",0.5,"Maxar WV02",18,1
"19_00029",19,39822374,2011,2023,"6543","2025-03-27","2023-08-16",0.31,"Maxar WV03",18,0
"19_00030",19,51673935,2011,2017,"26751","2020-04-08","2016-06-30",0.31,"Maxar WV03_VNIR",17,-1
"19_00030",19,51673935,2011,2023,"58924","2025-09-25","2023-08-16",0.31,"Maxar WV03",18,0
"1_00001",1,7667408,2011,2017,"44873","2023-03-15","2021-07-01",0.5,"Maxar WV02",17,4
"1_00001",1,7667408,2011,2023,"63116","2026-09-24","2022-08-12",0.46,"Vantor GE01",18,-1
"1_00002",1,4492369,2011,2017,"44873","2023-03-15","2021-07-01",0.5,"Maxar WV02",17,4
"1_00002",1,4492369,2011,2023,"63116","2026-09-24","2022-08-12",0.46,"Vantor GE01",18,-1
"1_00003",1,7211242,2011,2017,"44873","2023-03-15","2021-07-01",0.5,"Maxar WV02",17,4
"1_00003",1,7211242,2011,2023,"63116","2026-09-24","2022-08-12",0.46,"Vantor GE01",18,-1
"1_00004",1,6504551,2011,2017,"44873","2023-03-15","2021-07-01",0.5,"Maxar WV02",17,4
"1_00004",1,6504551,2011,2023,"63116","2026-09-24","2022-08-12",0.46,"Vantor GE01",18,-1
"1_00005",1,5386698,2011,2017,"44873","2023-03-15","2021-07-01",0.5,"Maxar WV02",17,4
"1_00005",1,5386698,2011,2023,"63116","2026-09-24","2022-08-12",0.46,"Vantor GE01",18,-1
"1_00006",1,46078653,2011,2017,"63116","2026-09-24","2016-09-30",0.5,"Vantor WV02",18,-1
"1_00006",1,46078653,2011,2023,"63116","2026-09-24","2016-09-30",0.5,"Vantor WV02",18,-7
"1_00007",1,1290029,2011,2017,"44873","2023-03-15","2021-07-01",0.5,"Maxar WV02",17,4
"1_00007",1,1290029,2011,2023,"63116","2026-09-24","2022-08-12",0.46,"Vantor GE01",18,-1
"1_00008",1,6450870,2011,2017,"44873","2023-03-15","2021-07-01",0.5,"Maxar WV02",17,4
"1_00008",1,6450870,2011,2023,"63116","2026-09-24","2022-08-12",0.46,"Vantor GE01",18,-1
"1_00009",1,7443766,2011,2017,"44873","2023-03-15","2021-07-01",0.5,"Maxar WV02",17,4
"1_00009",1,7443766,2011,2023,"63116","2026-09-24","2022-08-12",0.46,"Vantor GE01",18,-1
"1_00010",1,6549767,2011,2017,"44873","2023-03-15","2021-07-01",0.5,"Maxar WV02",17,4
"1_00010",1,6549767,2011,2023,"63116","2026-09-24","2022-08-12",0.46,"Vantor GE01",18,-1
"1_00011",1,6871981,2011,2017,"44873","2023-03-15","2021-07-01",0.5,"Maxar WV02",17,4
"1_00011",1,6871981,2011,2023,"63116","2026-09-24","2022-08-12",0.46,"Vantor GE01",18,-1
"1_00012",1,5430898,2011,2017,"44873","2023-03-15","2021-07-01",0.5,"Maxar WV02",17,4
"1_00012",1,5430898,2011,2023,"63116","2026-09-24","2022-09-20",0.46,"Vantor GE01",18,-1
"1_00013",1,7113480,2011,2017,"44873","2023-03-15","2021-07-01",0.5,"Maxar WV02",17,4
"1_00013",1,7113480,2011,2023,"63116","2026-09-24","2022-08-12",0.46,"Vantor GE01",18,-1
"1_00014",1,6326229,2011,2017,"44873","2023-03-15","2021-07-01",0.5,"Maxar WV02",17,4
"1_00014",1,6326229,2011,2023,"63116","2026-09-24","2022-08-12",0.46,"Vantor GE01",18,-1
"1_00015",1,6397720,2011,2017,"44873","2023-03-15","2021-07-01",0.5,"Maxar WV02",17,4
"1_00015",1,6397720,2011,2023,"63116","2026-09-24","2022-08-12",0.46,"Vantor GE01",18,-1
"1_00016",1,4322402,2011,2017,"44873","2023-03-15","2021-07-01",0.5,"Maxar WV02",17,4
"1_00016",1,4322402,2011,2023,"63116","2026-09-24","2022-08-12",0.46,"Vantor GE01",18,-1
"1_00017",1,6218715,2011,2017,"44873","2023-03-15","2021-07-01",0.5,"Maxar WV02",17,4
"1_00017",1,6218715,2011,2023,"63116","2026-09-24","2022-08-12",0.46,"Vantor GE01",18,-1
"1_00018",1,6004102,2011,2017,"44873","2023-03-15","2021-07-01",0.5,"Maxar WV02",17,4
"1_00018",1,6004102,2011,2023,"63116","2026-09-24","2022-08-12",0.46,"Vantor GE01",18,-1
"1_00019",1,6630244,2011,2017,"44873","2023-03-15","2021-07-01",0.5,"Maxar WV02",17,4
"1_00019",1,6630244,2011,2023,"63116","2026-09-24","2022-08-12",0.46,"Vantor GE01",18,-1
"1_00020",1,6826527,2011,2017,"44873","2023-03-15","2021-07-01",0.5,"Maxar WV02",17,4
"1_00020",1,6826527,2011,2023,"63116","2026-09-24","2022-08-12",0.46,"Vantor GE01",18,-1
"1_00021",1,8329469,2011,2017,"44873","2023-03-15","2021-07-01",0.5,"Maxar WV02",17,4
"1_00021",1,8329469,2011,2023,"63116","2026-09-24","2022-08-12",0.46,"Vantor GE01",18,-1
"1_00022",1,6397541,2011,2017,"44873","2023-03-15","2021-07-01",0.5,"Maxar WV02",17,4
"1_00022",1,6397541,2011,2023,"63116","2026-09-24","2022-08-12",0.46,"Vantor GE01",18,-1
"1_00023",1,6943907,2011,2017,"44873","2023-03-15","2021-07-01",0.5,"Maxar WV02",17,4
"1_00023",1,6943907,2011,2023,"63116","2026-09-24","2022-08-12",0.46,"Vantor GE01",18,-1
"1_00024",1,5457737,2011,2017,"44873","2023-03-15","2021-07-01",0.5,"Maxar WV02",17,4
"1_00024",1,5457737,2011,2023,"63116","2026-09-24","2022-09-20",0.46,"Vantor GE01",18,-1
"1_00025",1,3079061,2011,2017,"44873","2023-03-15","2021-07-01",0.5,"Maxar WV02",17,4
"1_00025",1,3079061,2011,2023,"63116","2026-09-24","2022-08-12",0.46,"Vantor GE01",18,-1
"1_00026",1,5565218,2011,2017,"44873","2023-03-15","2021-07-01",0.5,"Maxar WV02",17,4
"1_00026",1,5565218,2011,2023,"63116","2026-09-24","2022-09-20",0.46,"Vantor GE01",18,-1
"1_00027",1,45818542,2011,2017,"63116","2026-09-24","2013-08-09",0.5,"Vantor WV02",18,-4
"1_00027",1,45818542,2011,2023,"63116","2026-09-24","2013-08-09",0.5,"Vantor WV02",18,-10
"1_00028",1,5628159,2011,2017,"44873","2023-03-15","2021-07-01",0.5,"Maxar WV02",17,4
"1_00028",1,5628159,2011,2023,"63116","2026-09-24","2022-08-12",0.46,"Vantor GE01",18,-1
"1_00029",1,9849874,2011,2017,"44873","2023-03-15","2021-07-01",0.5,"Maxar WV02",17,4
"1_00029",1,9849874,2011,2023,"63116","2026-09-24","2024-04-12",0.46,"Vantor GE01",18,1
"1_00030",1,5843258,2011,2017,"44873","2023-03-15","2021-07-01",0.5,"Maxar WV02",17,4
"1_00030",1,5843258,2011,2023,"63116","2026-09-24","2022-08-12",0.46,"Vantor GE01",18,-1
"20_00001",20,31496654,2002,2017,"63116","2026-09-24","2015-06-26",0.5,"Vantor WV02",18,-2
"20_00001",20,31496654,2002,2023,"63116","2026-09-24","2015-06-26",0.5,"Vantor WV02",18,-8
"20_00002",20,18789948,5005,2017,"16245","2022-04-27","2018-05-08",0.31,"Maxar WV03",17,1
"20_00002",20,18789948,5005,2023,"63116","2026-09-24","2021-06-22",0.5,"Vantor WV02",18,-2
"20_00003",20,31559233,11011,2017,"63116","2026-09-24","2015-06-26",0.5,"Vantor WV02",18,-2
"20_00003",20,31559233,11011,2023,"63116","2026-09-24","2015-06-26",0.5,"Vantor WV02",18,-8
"20_00004",20,17028635,5005,2017,"44873","2023-03-15","2018-08-24",0.31,"Maxar WV03",17,1
"20_00004",20,17028635,5005,2023,"63116","2026-09-24","2022-08-12",0.5,"Vantor WV02",18,-1
"20_00005",20,38667595,5005,2017,"26751","2020-04-08","2016-06-30",0.31,"Maxar WV03_VNIR",17,-1
"20_00005",20,38667595,5005,2023,"6543","2025-03-27","2023-08-16",0.31,"Maxar WV03",18,0
"20_00006",20,25813114,2002,2017,"6543","2025-03-27","2018-08-24",0.31,"Maxar WV03",18,1
"20_00006",20,25813114,2002,2023,"58924","2025-09-25","2024-06-07",0.5,"Maxar WV02",18,1
"20_00007",20,42442634,11011,2017,"60013","2024-03-07","2018-07-24",0.5,"Maxar WV02",18,1
"20_00007",20,42442634,11011,2023,"6543","2025-03-27","2023-08-16",0.31,"Maxar WV03",18,0
"20_00008",20,26740890,2002,2017,"58924","2025-09-25","2016-09-30",0.5,"Maxar WV02",18,-1
"20_00008",20,26740890,2002,2023,"63116","2026-09-24","2025-05-01",0.34,"Vantor LG01",18,2
"20_00009",20,8338337,2002,2017,"44873","2023-03-15","2021-07-01",0.5,"Maxar WV02",17,4
"20_00009",20,8338337,2002,2023,"63116","2026-09-24","2022-08-12",0.46,"Vantor GE01",18,-1
"20_00010",20,19666335,7007,2017,"16245","2022-04-27","2014-06-30",0.46,"Maxar GE01",17,-3
"20_00010",20,19666335,7007,2023,"63116","2026-09-24","2025-05-01",0.34,"Vantor LG01",18,2
"20_00011",20,18983298,2002,2017,"63116","2026-09-24","2013-05-06",0.5,"Vantor WV02",18,-4
"20_00011",20,18983298,2002,2023,"63116","2026-09-24","2013-05-06",0.5,"Vantor WV02",18,-10
"20_00012",20,24094702,5005,2017,"6543","2025-03-27","2018-07-24",0.5,"Maxar WV02",18,1
"20_00012",20,24094702,5005,2023,"63116","2026-09-24","2021-06-22",0.5,"Vantor WV02",18,-2
"20_00013",20,21792169,1001,2017,"26751","2020-04-08","2013-08-09",0.5,"Maxar WV02",17,-4
"20_00013",20,21792169,1001,2023,"63116","2026-09-24","2023-08-25",0.5,"Vantor WV02",18,0
"20_00014",20,23535381,2002,2017,"16245","2022-04-27","2015-06-26",0.5,"Maxar WV02",17,-2
"20_00014",20,23535381,2002,2023,"63116","2026-09-24","2021-04-20",0.31,"Vantor WV03",18,-2
"20_00015",20,13867199,11011,2017,"6543","2025-03-27","2021-07-01",0.5,"Maxar WV02",18,4
"20_00015",20,13867199,11011,2023,"63116","2026-09-24","2024-04-12",0.46,"Vantor GE01",18,1
"20_00016",20,37385863,2002,2017,"44873","2023-03-15","2017-06-11",0.31,"Maxar WV03",17,0
"20_00016",20,37385863,2002,2023,"63116","2026-09-24","2025-05-01",0.34,"Vantor LG01",18,2
"20_00017",20,27965530,2002,2017,"60013","2024-03-07","2016-09-30",0.5,"Maxar WV02",18,-1
"20_00017",20,27965530,2002,2023,"63116","2026-09-24","2023-08-25",0.5,"Vantor WV02",18,0
"20_00018",20,23039777,4004,2017,"63116","2026-09-24","2018-08-24",0.31,"Vantor WV03",18,1
"20_00018",20,23039777,4004,2023,"63116","2026-09-24","2018-08-24",0.31,"Vantor WV03",18,-5
"20_00019",20,13832641,5005,2017,"44873","2023-03-15","2015-06-26",0.5,"Maxar WV02",17,-2
"20_00019",20,13832641,5005,2023,"63116","2026-09-24","2022-10-05",0.5,"Vantor WV02",18,-1
"20_00020",20,31229710,2002,2017,"60013","2024-03-07","2013-08-09",0.5,"Maxar WV02",18,-4
"20_00020",20,31229710,2002,2023,"63116","2026-09-24","2023-08-25",0.5,"Vantor WV02",18,0
"20_00021",20,37586184,11011,2017,"60013","2024-03-07","2018-07-24",0.5,"Maxar WV02",18,1
"20_00021",20,37586184,11011,2023,"6543","2025-03-27","2023-08-16",0.31,"Maxar WV03",18,0
"20_00022",20,24412256,2002,2017,"16245","2022-04-27","2015-06-26",0.5,"Maxar WV02",17,-2
"20_00022",20,24412256,2002,2023,"63116","2026-09-24","2021-04-20",0.31,"Vantor WV03",18,-2
"20_00023",20,14387469,1001,2017,"44873","2023-03-15","2015-06-26",0.5,"Maxar WV02",17,-2
"20_00023",20,14387469,1001,2023,"63116","2026-09-24","2022-10-05",0.5,"Vantor WV02",18,-1
"20_00024",20,13347383,8008,2017,"44873","2023-03-15","2021-07-01",0.5,"Maxar WV02",17,4
"20_00024",20,13347383,8008,2023,"63116","2026-09-24","2024-04-12",0.46,"Vantor GE01",18,1
"20_00025",20,28896863,1001,2017,"58924","2025-09-25","2016-09-30",0.5,"Maxar WV02",18,-1
"20_00025",20,28896863,1001,2023,"63116","2026-09-24","2025-05-01",0.34,"Vantor LG01",18,2
"20_00026",20,33555634,2002,2017,"60013","2024-03-07","2016-09-30",0.5,"Maxar WV02",18,-1
"20_00026",20,33555634,2002,2023,"63116","2026-09-24","2023-08-25",0.5,"Vantor WV02",18,0
"20_00027",20,45575834,1001,2017,"63116","2026-09-24","2015-06-26",0.5,"Vantor WV02",18,-2
"20_00027",20,45575834,1001,2023,"63116","2026-09-24","2015-06-26",0.5,"Vantor WV02",18,-8
"20_00028",20,49816374,2002,2017,"63116","2026-09-24","2015-06-26",0.5,"Vantor WV02",18,-2
"20_00028",20,49816374,2002,2023,"63116","2026-09-24","2015-06-26",0.5,"Vantor WV02",18,-8
"20_00029",20,19403709,11011,2017,"63116","2026-09-24","2013-05-06",0.5,"Vantor WV02",18,-4
"20_00029",20,19403709,11011,2023,"63116","2026-09-24","2013-05-06",0.5,"Vantor WV02",18,-10
"20_00030",20,23873110,2002,2017,"26751","2020-04-08","2016-06-21",0.5,"Maxar WV02",17,-1
"20_00030",20,23873110,2002,2023,"6543","2025-03-27","2023-08-16",0.31,"Maxar WV03",18,0
"2_00001",2,33643241,2011,2017,"63116","2026-09-24","2015-06-26",0.5,"Vantor WV02",18,-2
"2_00001",2,33643241,2011,2023,"63116","2026-09-24","2015-06-26",0.5,"Vantor WV02",18,-8
"2_00002",2,46414724,2011,2017,"60013","2024-03-07","2018-07-24",0.5,"Maxar WV02",18,1
"2_00002",2,46414724,2011,2023,"58924","2025-09-25","2023-08-16",0.31,"Maxar WV03",18,0
"2_00003",2,14513753,5011,2017,"16245","2022-04-27","2015-06-26",0.5,"Maxar WV02",17,-2
"2_00003",2,14513753,5011,2023,"63116","2026-09-24","2021-06-22",0.5,"Vantor WV02",18,-2
"2_00004",2,50792937,2011,2017,"63116","2026-09-24","2016-09-30",0.5,"Vantor WV02",18,-1
"2_00004",2,50792937,2011,2023,"63116","2026-09-24","2016-09-30",0.5,"Vantor WV02",18,-7
"2_00005",2,30574811,2011,2017,"63116","2026-09-24","2015-06-26",0.5,"Vantor WV02",18,-2
"2_00005",2,30574811,2011,2023,"63116","2026-09-24","2015-06-26",0.5,"Vantor WV02",18,-8
"2_00006",2,38774609,2011,2017,"26751","2020-04-08","2016-06-30",0.31,"Maxar WV03_VNIR",17,-1
"2_00006",2,38774609,2011,2023,"6543","2025-03-27","2023-08-16",0.31,"Maxar WV03",18,0
"2_00007",2,33099206,2011,2017,"60013","2024-03-07","2013-08-09",0.5,"Maxar WV02",18,-4
"2_00007",2,33099206,2011,2023,"63116","2026-09-24","2023-08-25",0.5,"Vantor WV02",18,0
"2_00008",2,14555842,2005,2017,"6543","2025-03-27","2013-05-06",0.5,"Maxar WV02",18,-4
"2_00008",2,14555842,2005,2023,"63116","2026-09-24","2024-04-12",0.46,"Vantor GE01",18,1
"2_00009",2,11221024,11005,2017,"16245","2022-04-27","2015-06-26",0.5,"Maxar WV02",17,-2
"2_00009",2,11221024,11005,2023,"63116","2026-09-24","2022-10-05",0.5,"Vantor WV02",18,-1
"2_00010",2,23589289,2011,2017,"16245","2022-04-27","2015-06-26",0.5,"Maxar WV02",17,-2
"2_00010",2,23589289,2011,2023,"63116","2026-09-24","2021-04-20",0.31,"Vantor WV03",18,-2
"2_00011",2,12716390,2011,2017,"16245","2022-04-27","2018-05-08",0.31,"Maxar WV03",17,1
"2_00011",2,12716390,2011,2023,"63116","2026-09-24","2022-10-05",0.5,"Vantor WV02",18,-1
"2_00012",2,33330109,2011,2017,"63116","2026-09-24","2015-06-26",0.5,"Vantor WV02",18,-2
"2_00012",2,33330109,2011,2023,"63116","2026-09-24","2015-06-26",0.5,"Vantor WV02",18,-8
"2_00013",2,11560853,2005,2017,"16245","2022-04-27","2015-06-26",0.5,"Maxar WV02",17,-2
"2_00013",2,11560853,2005,2023,"63116","2026-09-24","2022-10-05",0.5,"Vantor WV02",18,-1
"2_00014",2,28618120,2011,2017,"60013","2024-03-07","2016-09-30",0.5,"Maxar WV02",18,-1
"2_00014",2,28618120,2011,2023,"63116","2026-09-24","2023-08-25",0.5,"Vantor WV02",18,0
"2_00015",2,23743309,2005,2017,"60013","2024-03-07","2016-09-30",0.5,"Maxar WV02",18,-1
"2_00015",2,23743309,2005,2023,"63116","2026-09-24","2023-08-25",0.5,"Vantor WV02",18,0
"2_00016",2,32059174,2011,2017,"63116","2026-09-24","2015-06-26",0.5,"Vantor WV02",18,-2
"2_00016",2,32059174,2011,2023,"63116","2026-09-24","2015-06-26",0.5,"Vantor WV02",18,-8
"2_00017",2,24566294,2005,2017,"60013","2024-03-07","2016-09-30",0.5,"Maxar WV02",18,-1
"2_00017",2,24566294,2005,2023,"63116","2026-09-24","2023-08-25",0.5,"Vantor WV02",18,0
"2_00018",2,40743803,2011,2017,"60013","2024-03-07","2018-07-24",0.5,"Maxar WV02",18,1
"2_00018",2,40743803,2011,2023,"6543","2025-03-27","2023-08-16",0.31,"Maxar WV03",18,0
"2_00019",2,23761145,2005,2017,"60013","2024-03-07","2016-09-30",0.5,"Maxar WV02",18,-1
"2_00019",2,23761145,2005,2023,"63116","2026-09-24","2023-08-25",0.5,"Vantor WV02",18,0
"2_00020",2,46387886,2011,2017,"60013","2024-03-07","2018-07-24",0.5,"Maxar WV02",18,1
"2_00020",2,46387886,2011,2023,"58924","2025-09-25","2023-08-16",0.31,"Maxar WV03",18,0
"2_00021",2,16598721,2005,2017,"16245","2022-04-27","2018-05-08",0.31,"Maxar WV03",17,1
"2_00021",2,16598721,2005,2023,"63116","2026-09-24","2022-08-12",0.5,"Vantor WV02",18,-1
"2_00022",2,25739621,11005,2017,"16245","2022-04-27","2017-06-11",0.31,"Maxar WV03",17,0
"2_00022",2,25739621,11005,2023,"63116","2026-09-24","2025-05-01",0.34,"Vantor LG01",18,2
"2_00023",2,22497774,2011,2017,"16245","2022-04-27","2015-06-26",0.5,"Maxar WV02",17,-2
"2_00023",2,22497774,2011,2023,"63116","2026-09-24","2021-04-20",0.31,"Vantor WV03",18,-2
"2_00024",2,23984889,2005,2017,"60013","2024-03-07","2016-09-30",0.5,"Maxar WV02",18,-1
"2_00024",2,23984889,2005,2023,"63116","2026-09-24","2023-08-25",0.5,"Vantor WV02",18,0
"2_00025",2,23779090,2005,2017,"60013","2024-03-07","2016-09-30",0.5,"Maxar WV02",18,-1
"2_00025",2,23779090,2005,2023,"63116","2026-09-24","2023-08-25",0.5,"Vantor WV02",18,0
"2_00026",2,28636009,2011,2017,"60013","2024-03-07","2016-09-30",0.5,"Maxar WV02",18,-1
"2_00026",2,28636009,2011,2023,"63116","2026-09-24","2023-08-25",0.5,"Vantor WV02",18,0
"2_00027",2,24519806,2011,2017,"60013","2024-03-07","2015-06-26",0.5,"Maxar WV02",18,-2
"2_00027",2,24519806,2011,2023,"63116","2026-09-24","2023-08-25",0.5,"Vantor WV02",18,0
"2_00028",2,40636457,2011,2017,"60013","2024-03-07","2018-07-24",0.5,"Maxar WV02",18,1
"2_00028",2,40636457,2011,2023,"6543","2025-03-27","2023-08-16",0.31,"Maxar WV03",18,0
"2_00029",2,24467899,11005,2017,"60013","2024-03-07","2016-09-30",0.5,"Maxar WV02",18,-1
"2_00029",2,24467899,11005,2023,"63116","2026-09-24","2023-08-25",0.5,"Vantor WV02",18,0
"2_00030",2,11632415,2005,2017,"16245","2022-04-27","2015-06-26",0.5,"Maxar WV02",17,-2
"2_00030",2,11632415,2005,2023,"63116","2026-09-24","2022-10-05",0.5,"Vantor WV02",18,-1
"30_00001",30,11712320,2002,2017,"16245","2022-04-27","2015-06-26",0.5,"Maxar WV02",17,-2
"30_00001",30,11712320,2002,2023,"63116","2026-09-24","2022-10-05",0.5,"Vantor WV02",18,-1
"30_00002",30,27705670,2002,2017,"60013","2024-03-07","2016-09-30",0.5,"Maxar WV02",18,-1
"30_00002",30,27705670,2002,2023,"63116","2026-09-24","2023-08-25",0.5,"Vantor WV02",18,0
"30_00003",30,38395513,2002,2017,"63116","2026-09-24","2016-09-30",0.5,"Vantor WV02",18,-1
"30_00003",30,38395513,2002,2023,"63116","2026-09-24","2016-09-30",0.5,"Vantor WV02",18,-7
"30_00004",30,38271149,2002,2017,"58924","2025-09-25","2016-09-30",0.5,"Maxar WV02",18,-1
"30_00004",30,38271149,2002,2023,"63116","2026-09-24","2025-05-01",0.34,"Vantor LG01",18,2
"30_00005",30,5315195,11011,2017,"44873","2023-03-15","2021-07-01",0.5,"Maxar WV02",17,4
"30_00005",30,5315195,11011,2023,"63116","2026-09-24","2022-08-12",0.46,"Vantor GE01",18,-1
"30_00006",30,28830896,2002,2017,"63116","2026-09-24","2015-06-26",0.5,"Vantor WV02",18,-2
"30_00006",30,28830896,2002,2023,"63116","2026-09-24","2015-06-26",0.5,"Vantor WV02",18,-8
"30_00007",30,6352902,11011,2017,"44873","2023-03-15","2021-07-01",0.5,"Maxar WV02",17,4
"30_00007",30,6352902,11011,2023,"63116","2026-09-24","2022-08-12",0.46,"Vantor GE01",18,-1
"30_00008",30,20050824,4004,2017,"16245","2022-04-27","2014-06-30",0.46,"Maxar GE01",17,-3
"30_00008",30,20050824,4004,2023,"63116","2026-09-24","2025-05-01",0.34,"Vantor LG01",18,2
"30_00009",30,43368857,2002,2017,"63116","2026-09-24","2016-09-30",0.5,"Vantor WV02",18,-1
"30_00009",30,43368857,2002,2023,"63116","2026-09-24","2016-09-30",0.5,"Vantor WV02",18,-7
"30_00010",30,38038694,11011,2017,"58924","2025-09-25","2016-09-30",0.5,"Maxar WV02",18,-1
"30_00010",30,38038694,11011,2023,"63116","2026-09-24","2025-05-01",0.34,"Vantor LG01",18,2
"30_00011",30,31387042,2002,2017,"60013","2024-03-07","2018-07-24",0.5,"Maxar WV02",18,1
"30_00011",30,31387042,2002,2023,"6543","2025-03-27","2023-08-16",0.31,"Maxar WV03",18,0
"30_00012",30,16944988,5005,2017,"63116","2026-09-24","2015-06-26",0.5,"Vantor WV02",18,-2
"30_00012",30,16944988,5005,2023,"63116","2026-09-24","2015-06-26",0.5,"Vantor WV02",18,-8
"30_00013",30,27616646,11011,2017,"60013","2024-03-07","2016-09-30",0.5,"Maxar WV02",18,-1
"30_00013",30,27616646,11011,2023,"63116","2026-09-24","2023-08-25",0.5,"Vantor WV02",18,0
"30_00014",30,21934961,11011,2017,"60013","2024-03-07","2013-05-06",0.5,"Maxar WV02",18,-4
"30_00014",30,21934961,11011,2023,"63116","2026-09-24","2023-08-25",0.5,"Vantor WV02",18,0
"30_00015",30,35424922,2002,2017,"63116","2026-09-24","2013-08-09",0.5,"Vantor WV02",18,-4
"30_00015",30,35424922,2002,2023,"63116","2026-09-24","2013-08-09",0.5,"Vantor WV02",18,-10
"30_00016",30,47119959,2002,2017,"58924","2025-09-25","2018-07-24",0.5,"Maxar WV02",18,1
"30_00016",30,47119959,2002,2023,"63116","2026-09-24","2025-06-11",0.31,"Vantor WV03",18,2
"30_00017",30,37926020,11011,2017,"60013","2024-03-07","2018-07-24",0.5,"Maxar WV02",18,1
"30_00017",30,37926020,11011,2023,"6543","2025-03-27","2023-08-16",0.31,"Maxar WV03",18,0
"30_00018",30,34422667,11011,2017,"63116","2026-09-24","2013-08-09",0.5,"Vantor WV02",18,-4
"30_00018",30,34422667,11011,2023,"63116","2026-09-24","2013-08-09",0.5,"Vantor WV02",18,-10
"30_00019",30,42240066,2002,2017,"16245","2022-04-27","2013-08-09",0.5,"Maxar WV02",17,-4
"30_00019",30,42240066,2002,2023,"16245","2022-04-27","2013-08-09",0.5,"Maxar WV02",17,-10
"30_00020",30,31273102,2002,2017,"63116","2026-09-24","2015-06-26",0.5,"Vantor WV02",18,-2
"30_00020",30,31273102,2002,2023,"63116","2026-09-24","2015-06-26",0.5,"Vantor WV02",18,-8
"30_00021",30,51565928,2002,2017,"26751","2020-04-08","2016-06-30",0.31,"Maxar WV03_VNIR",17,-1
"30_00021",30,51565928,2002,2023,"58924","2025-09-25","2023-08-16",0.31,"Maxar WV03",18,0
"30_00022",30,44046390,2002,2017,"63116","2026-09-24","2015-06-26",0.5,"Vantor WV02",18,-2
"30_00022",30,44046390,2002,2023,"63116","2026-09-24","2015-06-26",0.5,"Vantor WV02",18,-8
"30_00023",30,19934592,4004,2017,"16245","2022-04-27","2014-06-30",0.46,"Maxar GE01",17,-3
"30_00023",30,19934592,4004,2023,"63116","2026-09-24","2025-05-01",0.34,"Vantor LG01",18,2
"30_00024",30,30378746,11011,2017,"60013","2024-03-07","2015-06-26",0.5,"Maxar WV02",18,-2
"30_00024",30,30378746,11011,2023,"63116","2026-09-24","2023-08-25",0.5,"Vantor WV02",18,0
"30_00025",30,38119234,11011,2017,"58924","2025-09-25","2016-09-30",0.5,"Maxar WV02",18,-1
"30_00025",30,38119234,11011,2023,"63116","2026-09-24","2025-05-01",0.34,"Vantor LG01",18,2
"30_00026",30,44714786,11011,2017,"60013","2024-03-07","2018-07-24",0.5,"Maxar WV02",18,1
"30_00026",30,44714786,11011,2023,"58924","2025-09-25","2023-08-16",0.31,"Maxar WV03",18,0
"30_00027",30,25694693,2002,2017,"16245","2022-04-27","2016-09-30",0.5,"Maxar WV02",17,-1
"30_00027",30,25694693,2002,2023,"63116","2026-09-24","2025-05-01",0.34,"Vantor LG01",18,2
"30_00028",30,52711906,11011,2017,"60013","2024-03-07","2018-07-24",0.5,"Maxar WV02",18,1
"30_00028",30,52711906,11011,2023,"58924","2025-09-25","2023-08-16",0.31,"Maxar WV03",18,0
"30_00029",30,6245425,2002,2017,"44873","2023-03-15","2021-07-01",0.5,"Maxar WV02",17,4
"30_00029",30,6245425,2002,2023,"63116","2026-09-24","2022-08-12",0.46,"Vantor GE01",18,-1
"30_00030",30,32660818,11011,2017,"60013","2024-03-07","2013-08-09",0.5,"Maxar WV02",18,-4
"30_00030",30,32660818,11011,2023,"63116","2026-09-24","2023-08-25",0.5,"Vantor WV02",18,0
"31_00001",31,23846734,2002,2017,"26751","2020-04-08","2016-06-21",0.5,"Maxar WV02",17,-1
"31_00001",31,23846734,2002,2023,"6543","2025-03-27","2023-08-16",0.31,"Maxar WV03",18,0
"31_00002",31,19824958,2002,2017,"60013","2024-03-07","2013-05-06",0.5,"Maxar WV02",18,-4
"31_00002",31,19824958,2002,2023,"63116","2026-09-24","2023-08-25",0.5,"Vantor WV02",18,0
"31_00003",31,4197301,2002,2017,"44873","2023-03-15","2021-07-01",0.5,"Maxar WV02",17,4
"31_00003",31,4197301,2002,2023,"63116","2026-09-24","2022-08-12",0.46,"Vantor GE01",18,-1
"31_00004",31,36880518,2002,2017,"63116","2026-09-24","2013-10-21",0.5,"Vantor WV02",18,-4
"31_00004",31,36880518,2002,2023,"63116","2026-09-24","2013-10-21",0.5,"Vantor WV02",18,-10
"31_00005",31,48189887,2002,2017,"63116","2026-09-24","2016-09-30",0.5,"Vantor WV02",18,-1
"31_00005",31,48189887,2002,2023,"63116","2026-09-24","2016-09-30",0.5,"Vantor WV02",18,-7
"31_00006",31,29800399,2002,2017,"58924","2025-09-25","2016-09-30",0.5,"Maxar WV02",18,-1
"31_00006",31,29800399,2002,2023,"63116","2026-09-24","2025-05-01",0.34,"Vantor LG01",18,2
"31_00007",31,24914397,2002,2017,"60013","2024-03-07","2013-08-09",0.5,"Maxar WV02",18,-4
"31_00007",31,24914397,2002,2023,"63116","2026-09-24","2023-08-25",0.5,"Vantor WV02",18,0
"31_00008",31,41609700,2002,2017,"58924","2025-09-25","2018-07-24",0.5,"Maxar WV02",18,1
"31_00008",31,41609700,2002,2023,"63116","2026-09-24","2025-06-11",0.31,"Vantor WV03",18,2
"31_00009",31,21729150,2002,2017,"60013","2024-03-07","2013-05-06",0.5,"Maxar WV02",18,-4
"31_00009",31,21729150,2002,2023,"63116","2026-09-24","2023-08-25",0.5,"Vantor WV02",18,0
"31_00010",31,12097657,2002,2017,"16245","2022-04-27","2015-06-26",0.5,"Maxar WV02",17,-2
"31_00010",31,12097657,2002,2023,"63116","2026-09-24","2022-10-05",0.5,"Vantor WV02",18,-1
"31_00011",31,33501802,2002,2017,"60013","2024-03-07","2013-08-09",0.5,"Maxar WV02",18,-4
"31_00011",31,33501802,2002,2023,"63116","2026-09-24","2023-08-25",0.5,"Vantor WV02",18,0
"31_00012",31,30109728,2002,2017,"63116","2026-09-24","2015-06-26",0.5,"Vantor WV02",18,-2
"31_00012",31,30109728,2002,2023,"63116","2026-09-24","2015-06-26",0.5,"Vantor WV02",18,-8
"31_00013",31,48399226,2002,2017,"58924","2025-09-25","2018-07-24",0.5,"Maxar WV02",18,1
"31_00013",31,48399226,2002,2023,"63116","2026-09-24","2025-06-11",0.31,"Vantor WV03",18,2
"31_00014",31,15460266,2002,2017,"44873","2023-03-15","2015-06-26",0.5,"Maxar WV02",17,-2
"31_00014",31,15460266,2002,2023,"63116","2026-09-24","2022-10-05",0.5,"Vantor WV02",18,-1
"31_00015",31,13073959,2002,2017,"16245","2022-04-27","2014-06-30",0.46,"Maxar GE01",17,-3
"31_00015",31,13073959,2002,2023,"63116","2026-09-24","2022-10-05",0.5,"Vantor WV02",18,-1
"31_00016",31,20507561,2002,2017,"16245","2022-04-27","2018-05-08",0.31,"Maxar WV03",17,1
"31_00016",31,20507561,2002,2023,"63116","2026-09-24","2022-08-12",0.5,"Vantor WV02",18,-1
"31_00017",31,25983296,2002,2017,"26751","2020-04-08","2016-06-30",0.31,"Maxar WV03_VNIR",17,-1
"31_00017",31,25983296,2002,2023,"6543","2025-03-27","2023-08-16",0.31,"Maxar WV03",18,0
"31_00018",31,35013527,2002,2017,"63116","2026-09-24","2013-08-09",0.5,"Vantor WV02",18,-4
"31_00018",31,35013527,2002,2023,"63116","2026-09-24","2013-08-09",0.5,"Vantor WV02",18,-10
"31_00019",31,27393630,2002,2017,"63116","2026-09-24","2016-09-30",0.5,"Vantor WV02",18,-1
"31_00019",31,27393630,2002,2023,"63116","2026-09-24","2016-09-30",0.5,"Vantor WV02",18,-7
"31_00020",31,27011930,2002,2017,"26751","2020-04-08","2016-06-30",0.31,"Maxar WV03_VNIR",17,-1
"31_00020",31,27011930,2002,2023,"6543","2025-03-27","2023-08-16",0.31,"Maxar WV03",18,0
"31_00021",31,28973759,2002,2017,"63116","2026-09-24","2015-06-26",0.5,"Vantor WV02",18,-2
"31_00021",31,28973759,2002,2023,"63116","2026-09-24","2015-06-26",0.5,"Vantor WV02",18,-8
"31_00022",31,32848684,2002,2017,"60013","2024-03-07","2013-08-09",0.5,"Maxar WV02",18,-4
"31_00022",31,32848684,2002,2023,"63116","2026-09-24","2023-08-25",0.5,"Vantor WV02",18,0
"31_00023",31,24666952,2002,2017,"16245","2022-04-27","2018-07-24",0.5,"Maxar WV02",17,1
"31_00023",31,24666952,2002,2023,"63116","2026-09-24","2021-06-22",0.5,"Vantor WV02",18,-2
"31_00024",31,4878639,2002,2017,"16245","2022-04-27","2015-06-26",0.5,"Maxar WV02",17,-2
"31_00024",31,4878639,2002,2023,"63116","2026-09-24","2022-10-05",0.5,"Vantor WV02",18,-1
"31_00025",31,16116793,2002,2017,"44873","2023-03-15","2018-08-24",0.31,"Maxar WV03",17,1
"31_00025",31,16116793,2002,2023,"63116","2026-09-24","2022-08-12",0.5,"Vantor WV02",18,-1
"31_00026",31,24989781,2002,2017,"63116","2026-09-24","2018-08-24",0.31,"Vantor WV03",18,1
"31_00026",31,24989781,2002,2023,"63116","2026-09-24","2018-08-24",0.31,"Vantor WV03",18,-5
"31_00027",31,33950206,2002,2017,"63116","2026-09-24","2016-09-30",0.5,"Vantor WV02",18,-1
"31_00027",31,33950206,2002,2023,"63116","2026-09-24","2016-09-30",0.5,"Vantor WV02",18,-7
"31_00028",31,10137196,2002,2017,"44873","2023-03-15","2021-07-01",0.5,"Maxar WV02",17,4
"31_00028",31,10137196,2002,2023,"63116","2026-09-24","2022-08-12",0.46,"Vantor GE01",18,-1
"31_00029",31,24923309,2002,2017,"60013","2024-03-07","2013-08-09",0.5,"Maxar WV02",18,-4
"31_00029",31,24923309,2002,2023,"63116","2026-09-24","2023-08-25",0.5,"Vantor WV02",18,0
"31_00030",31,25503630,2002,2017,"60013","2024-03-07","2015-06-26",0.5,"Maxar WV02",18,-2
"31_00030",31,25503630,2002,2023,"63116","2026-09-24","2023-08-25",0.5,"Vantor WV02",18,0
"32_00001",32,27858521,1001,2017,"63116","2026-09-24","2016-09-30",0.5,"Vantor WV02",18,-1
"32_00001",32,27858521,1001,2023,"63116","2026-09-24","2016-09-30",0.5,"Vantor WV02",18,-7
"32_00002",32,27885269,1001,2017,"63116","2026-09-24","2016-09-30",0.5,"Vantor WV02",18,-1
"32_00002",32,27885269,1001,2023,"63116","2026-09-24","2016-09-30",0.5,"Vantor WV02",18,-7
"32_00003",32,44070971,11011,2017,"60013","2024-03-07","2018-07-24",0.5,"Maxar WV02",18,1
"32_00003",32,44070971,11011,2023,"6543","2025-03-27","2023-08-16",0.31,"Maxar WV03",18,0
"32_00004",32,12750189,5005,2017,"16245","2022-04-27","2015-06-26",0.5,"Maxar WV02",17,-2
"32_00004",32,12750189,5005,2023,"63116","2026-09-24","2022-10-05",0.5,"Vantor WV02",18,-1
"32_00005",32,16335135,1001,2017,"63116","2026-09-24","2013-05-06",0.5,"Vantor WV02",18,-4
"32_00005",32,16335135,1001,2023,"63116","2026-09-24","2013-05-06",0.5,"Vantor WV02",18,-10
"32_00006",32,42373245,1001,2017,"63116","2026-09-24","2015-06-26",0.5,"Vantor WV02",18,-2
"32_00006",32,42373245,1001,2023,"63116","2026-09-24","2015-06-26",0.5,"Vantor WV02",18,-8
"32_00007",32,32808995,1001,2017,"60013","2024-03-07","2018-07-24",0.5,"Maxar WV02",18,1
"32_00007",32,32808995,1001,2023,"6543","2025-03-27","2023-08-16",0.31,"Maxar WV03",18,0
"32_00008",32,28323724,1001,2017,"63116","2026-09-24","2016-09-30",0.5,"Vantor WV02",18,-1
"32_00008",32,28323724,1001,2023,"63116","2026-09-24","2016-09-30",0.5,"Vantor WV02",18,-7
"32_00009",32,25831318,1001,2017,"26751","2020-04-08","2016-06-30",0.31,"Maxar WV03_VNIR",17,-1
"32_00009",32,25831318,1001,2023,"6543","2025-03-27","2023-08-16",0.31,"Maxar WV03",18,0
"32_00010",32,32546282,1001,2017,"58924","2025-09-25","2016-09-30",0.5,"Maxar WV02",18,-1
"32_00010",32,32546282,1001,2023,"63116","2026-09-24","2025-05-01",0.34,"Vantor LG01",18,2
"32_00011",32,30998809,1001,2017,"58924","2025-09-25","2016-09-30",0.5,"Maxar WV02",18,-1
"32_00011",32,30998809,1001,2023,"63116","2026-09-24","2025-05-01",0.34,"Vantor LG01",18,2
"32_00012",32,23417350,1001,2017,"26751","2020-04-08","2016-06-21",0.5,"Maxar WV02",17,-1
"32_00012",32,23417350,1001,2023,"6543","2025-03-27","2023-08-16",0.31,"Maxar WV03",18,0
"32_00013",32,54438401,11011,2017,"60013","2024-03-07","2018-07-24",0.5,"Maxar WV02",18,1
"32_00013",32,54438401,11011,2023,"58924","2025-09-25","2023-08-16",0.31,"Maxar WV03",18,0
"32_00014",32,27608188,1001,2017,"63116","2026-09-24","2016-09-30",0.5,"Vantor WV02",18,-1
"32_00014",32,27608188,1001,2023,"63116","2026-09-24","2016-09-30",0.5,"Vantor WV02",18,-7
"32_00015",32,38115030,1001,2017,"63116","2026-09-24","2013-10-21",0.5,"Vantor WV02",18,-4
"32_00015",32,38115030,1001,2023,"63116","2026-09-24","2013-10-21",0.5,"Vantor WV02",18,-10
"32_00016",32,26114337,1001,2017,"63116","2026-09-24","2016-09-30",0.5,"Vantor WV02",18,-1
"32_00016",32,26114337,1001,2023,"63116","2026-09-24","2016-09-30",0.5,"Vantor WV02",18,-7
"32_00017",32,28073264,1001,2017,"63116","2026-09-24","2016-09-30",0.5,"Vantor WV02",18,-1
"32_00017",32,28073264,1001,2023,"63116","2026-09-24","2016-09-30",0.5,"Vantor WV02",18,-7
"32_00018",32,23585453,1001,2017,"63116","2026-09-24","2018-08-24",0.31,"Vantor WV03",18,1
"32_00018",32,23585453,1001,2023,"63116","2026-09-24","2018-08-24",0.31,"Vantor WV03",18,-5
"32_00019",32,33980866,1001,2017,"60013","2024-03-07","2018-07-24",0.5,"Maxar WV02",18,1
"32_00019",32,33980866,1001,2023,"6543","2025-03-27","2023-08-16",0.31,"Maxar WV03",18,0
"32_00020",32,34777672,1001,2017,"60013","2024-03-07","2018-07-24",0.5,"Maxar WV02",18,1
"32_00020",32,34777672,1001,2023,"6543","2025-03-27","2023-08-16",0.31,"Maxar WV03",18,0
"32_00021",32,31579667,11011,2017,"63116","2026-09-24","2016-09-30",0.5,"Vantor WV02",18,-1
"32_00021",32,31579667,11011,2023,"63116","2026-09-24","2016-09-30",0.5,"Vantor WV02",18,-7
"32_00022",32,31777028,1001,2017,"58924","2025-09-25","2016-09-30",0.5,"Maxar WV02",18,-1
"32_00022",32,31777028,1001,2023,"63116","2026-09-24","2025-05-01",0.34,"Vantor LG01",18,2
"32_00023",32,46951889,1001,2017,"60013","2024-03-07","2018-07-24",0.5,"Maxar WV02",18,1
"32_00023",32,46951889,1001,2023,"6543","2025-03-27","2023-08-16",0.31,"Maxar WV03",18,0
"32_00024",32,24950594,1001,2017,"60013","2024-03-07","2016-09-30",0.5,"Maxar WV02",18,-1
"32_00024",32,24950594,1001,2023,"63116","2026-09-24","2023-08-25",0.5,"Vantor WV02",18,0
"32_00025",32,26488052,1001,2017,"60013","2024-03-07","2013-08-09",0.5,"Maxar WV02",18,-4
"32_00025",32,26488052,1001,2023,"63116","2026-09-24","2023-08-25",0.5,"Vantor WV02",18,0
"32_00026",32,27330283,5005,2017,"60013","2024-03-07","2016-09-30",0.5,"Maxar WV02",18,-1
"32_00026",32,27330283,5005,2023,"63116","2026-09-24","2023-08-25",0.5,"Vantor WV02",18,0
"32_00027",32,26780797,1001,2017,"60013","2024-03-07","2018-07-24",0.5,"Maxar WV02",18,1
"32_00027",32,26780797,1001,2023,"6543","2025-03-27","2023-08-16",0.31,"Maxar WV03",18,0
"32_00028",32,12884222,5005,2017,"16245","2022-04-27","2015-06-26",0.5,"Maxar WV02",17,-2
"32_00028",32,12884222,5005,2023,"63116","2026-09-24","2022-10-05",0.5,"Vantor WV02",18,-1
"32_00029",32,34831216,1001,2017,"60013","2024-03-07","2018-07-24",0.5,"Maxar WV02",18,1
"32_00029",32,34831216,1001,2023,"6543","2025-03-27","2023-08-16",0.31,"Maxar WV03",18,0
"32_00030",32,37513741,1001,2017,"26751","2020-04-08","2016-06-30",0.31,"Maxar WV03_VNIR",17,-1
"32_00030",32,37513741,1001,2023,"6543","2025-03-27","2023-08-16",0.31,"Maxar WV03",18,0
