"station","year","n_days","flow_augsep","n_years","record","pct_rank","role","low"
"08JB002",2017,61,16.0524589663646,78,"1929-2025",0.38961038961039,"free-flowing",FALSE
"08JB002",2018,61,15.2814753798188,78,"1929-2025",0.337662337662338,"free-flowing",FALSE
"08JB002",2019,61,13.1081967353821,78,"1929-2025",0.142857142857143,"free-flowing",TRUE
"08JB002",2020,61,17.0019671956047,78,"1929-2025",0.506493506493506,"free-flowing",FALSE
"08JB002",2021,61,13.1521311900655,78,"1929-2025",0.155844155844156,"free-flowing",TRUE
"08JB002",2022,61,21.8336065792647,78,"1929-2025",0.766233766233766,"free-flowing",FALSE
"08JB002",2023,61,9.46327873136176,78,"1929-2025",0.025974025974026,"free-flowing",TRUE
"08JE004",2017,61,0.4040819699647,48,"1976-2024",0.361702127659574,"free-flowing",FALSE
"08JE004",2018,61,0.296114755214238,48,"1976-2024",0.191489361702128,"free-flowing",TRUE
"08JE004",2019,61,0.469131150206581,48,"1976-2024",0.553191489361702,"free-flowing",FALSE
"08JE004",2020,61,1.35063934521597,48,"1976-2024",0.978723404255319,"free-flowing",FALSE
"08JE004",2021,61,0.379934426213874,48,"1976-2024",0.340425531914894,"free-flowing",FALSE
"08JE004",2022,61,0.4457540995762,48,"1976-2024",0.468085106382979,"free-flowing",FALSE
"08JE004",2023,61,0.273688522518658,48,"1976-2024",0.148936170212766,"free-flowing",TRUE
"08KC001",2017,61,4.35606557033101,66,"1953-2024",0.246153846153846,"free-flowing",FALSE
"08KC001",2018,61,3.96196720639213,66,"1953-2024",0.2,"free-flowing",TRUE
"08KC001",2019,61,6.16049182610434,66,"1953-2024",0.476923076923077,"free-flowing",FALSE
"08KC001",2020,61,12.8962294781794,66,"1953-2024",0.923076923076923,"free-flowing",FALSE
"08KC001",2021,61,4.47213115848479,66,"1953-2024",0.276923076923077,"free-flowing",FALSE
"08KC001",2022,61,4.89770492178495,66,"1953-2024",0.338461538461538,"free-flowing",FALSE
"08KC001",2023,61,3.41459016330907,66,"1953-2024",0.123076923076923,"free-flowing",TRUE
"08KG001",2017,61,15.6426229007908,72,"1953-2024",0.338028169014085,"free-flowing",FALSE
"08KG001",2018,61,14.2711476341623,72,"1953-2024",0.225352112676056,"free-flowing",FALSE
"08KG001",2019,61,60.5491802027968,72,"1953-2024",0.971830985915493,"free-flowing",FALSE
"08KG001",2020,61,29.0131146165191,72,"1953-2024",0.774647887323944,"free-flowing",FALSE
"08KG001",2021,61,19.6114754911329,72,"1953-2024",0.492957746478873,"free-flowing",FALSE
"08KG001",2022,61,30.5967213990258,72,"1953-2024",0.802816901408451,"free-flowing",FALSE
"08KG001",2023,61,13.8262295332111,72,"1953-2024",0.211267605633803,"free-flowing",FALSE
"08JB003",2017,61,20.8983606119625,73,"1951-2025",0.472222222222222,"lake-buffered",FALSE
"08JB003",2018,61,18.1377048648772,73,"1951-2025",0.277777777777778,"lake-buffered",FALSE
"08JB003",2019,61,18.2213114441418,73,"1951-2025",0.291666666666667,"lake-buffered",FALSE
"08JB003",2020,61,28.8114754411041,73,"1951-2025",0.763888888888889,"lake-buffered",FALSE
"08JB003",2021,61,17.718032790012,73,"1951-2025",0.25,"lake-buffered",FALSE
"08JB003",2022,61,30.7540985169958,73,"1951-2025",0.833333333333333,"lake-buffered",FALSE
"08JB003",2023,61,11.4985245485775,73,"1951-2025",0.0277777777777778,"lake-buffered",TRUE
"08JE001",2017,61,137.345901739402,95,"1930-2025",0.234042553191489,"lake-buffered",FALSE
"08JE001",2018,61,120.559016118284,95,"1930-2025",0.180851063829787,"lake-buffered",TRUE
"08JE001",2019,61,118.501639194176,95,"1930-2025",0.148936170212766,"lake-buffered",TRUE
"08JE001",2020,61,225.622950819672,95,"1930-2025",0.861702127659574,"lake-buffered",FALSE
"08JE001",2021,61,134.465573795506,95,"1930-2025",0.212765957446809,"lake-buffered",FALSE
"08JE001",2022,61,183.295081967213,95,"1930-2025",0.670212765957447,"lake-buffered",FALSE
"08JE001",2023,61,88.296721286461,95,"1930-2025",0.0106382978723404,"lake-buffered",TRUE
"08JC001",2017,61,136.645901664359,77,"1915-2024",0.407894736842105,"regulated",FALSE
"08JC001",2018,61,141.754098360656,77,"1915-2024",0.473684210526316,"regulated",FALSE
"08JC001",2019,61,113.239344237281,77,"1915-2024",0.144736842105263,"regulated",TRUE
"08JC001",2020,61,134.583606407291,77,"1915-2024",0.394736842105263,"regulated",FALSE
"08JC001",2021,61,200.655738080134,77,"1915-2024",0.710526315789474,"regulated",FALSE
"08JC001",2022,61,197.02786880243,77,"1915-2024",0.697368421052632,"regulated",FALSE
"08JC001",2023,61,139.77868852459,77,"1915-2024",0.447368421052632,"regulated",FALSE
