"source","year","n_polys","denom_ha","io_loss_ha","published_loss_ha","omission_io","omission_published"
"harvest","all",79,92.05,68.59,54.24,0.2549,0.4108
"harvest","2018",10,12.24,9.31,7.71,0.2394,0.3701
"harvest","2019",22,22.63,16.09,11.15,0.289,0.5073
"harvest","2020",21,20.17,16.04,13.95,0.2048,0.3084
"harvest","2021",14,23.93,18.34,14.69,0.2336,0.3861
"harvest","2022",12,13.08,8.81,6.74,0.3265,0.4847
"fire","all",3,635.16,435.54,425.73,0.3143,0.3297
"fire","2018",2,634.87,435.28,425.73,0.3144,0.3294
"fire","2022",1,0.29,0.26,0,0.1034,1
