"year","month","res","status","n_cells","median","p10","max","share_ge1","share_ge3"
2017,"4",100,"empty",,0,0,0,0,0
2017,"5",100,"empty",,0,0,0,0,0
2017,"6",100,"ok",61507,1,1,2,0.980538800461736,0
2017,"7",100,"empty",,0,0,0,0,0
2017,"8",100,"ok",61507,1,0,1,0.852244459980165,0
2017,"9",100,"ok",61507,2,1,3,0.998504235290292,0.0217861381631359
2017,"10",100,"ok",61507,1,0,1,0.837677012372576,0
2018,"4",100,"ok",61507,2,0,4,0.866990749020437,0.104199522005625
2018,"5",100,"ok",61507,3,2,5,0.992553693075585,0.713902482644252
2018,"6",100,"ok",61507,3,2,5,0.999642317134635,0.733119807501585
2018,"7",100,"ok",61507,4,3,4,0.999772383631131,0.980002276163689
2018,"8",100,"ok",61507,3,2,5,0.998975726340091,0.836831580145349
2018,"9",100,"ok",61507,1,1,2,0.981351716064838,0
2018,"10",100,"ok",61507,5,2,7,0.983335230136407,0.885151283593737
2019,"4",100,"ok",61507,1,1,3,0.906384639146764,0.0543190205992814
2019,"5",100,"ok",61507,4,4,5,0.999333409205456,0.993610483359618
2019,"6",100,"ok",61507,1,0,2,0.811387321768254,0
2019,"7",100,"ok",61507,0,0,1,0.180418488952477,0
2019,"8",100,"ok",61507,3,2,4,0.999008242964215,0.73204675890549
2019,"9",100,"ok",61507,1,1,2,0.974084250573106,0
2019,"10",100,"ok",61507,2,1,4,0.957354447461265,0.203358967272018
2020,"4",100,"ok",61507,1,0,4,0.701416098980604,0.0838603736160112
2020,"5",100,"ok",61507,5,4,6,0.99920334270896,0.991659485912173
2020,"6",100,"ok",61507,1,1,1,0.939746695498073,0
2020,"7",100,"ok",61507,2,2,3,0.99904075958834,0.072869754662071
2020,"8",100,"ok",61507,3,2,4,0.999772383631131,0.694587607914546
2020,"9",100,"ok",61507,4,3,5,0.999983741687938,0.993561708423431
2020,"10",100,"ok",61507,0,0,1,0.0134131074511844,0
2021,"4",100,"ok",61507,5,4,6,0.99395190791292,0.961809224966264
2021,"5",100,"ok",61507,2,1,3,0.990716503812574,0.264994228299218
2021,"6",100,"ok",61507,5,5,5,0.999902450127628,0.99689466239615
2021,"7",100,"ok",61507,5,4,6,0.999593542198449,0.993577966735493
2021,"8",100,"ok",61507,3,1,4,0.998504235290292,0.602955761132879
2021,"9",100,"empty",,0,0,0,0,0
2021,"10",100,"ok",61507,1,0,1,0.638496431300502,0
2022,"4",100,"ok",61507,1,0,2,0.729526720535874,0
2022,"5",100,"ok",61507,1,1,1,0.988033882322337,0
2022,"6",100,"ok",61507,4,3,5,0.999951225063814,0.955062025460517
2022,"7",100,"ok",61507,5,3,6,1,0.980034792787813
2022,"8",100,"ok",61507,5,5,7,1,1
2022,"9",100,"ok",61507,4,4,5,1,1
2022,"10",100,"ok",61507,3,2,4,0.999983741687938,0.833433592924383
2023,"4",100,"ok",61507,1,0,1,0.899604923016892,0
2023,"5",100,"ok",61507,5,4,7,0.999967483375876,0.996683304339343
2023,"6",100,"ok",61507,3,2,4,0.99928463426927,0.801274651665664
2023,"7",100,"ok",61507,3,3,5,0.999691092070821,0.900255255499374
2023,"8",100,"ok",61507,6,5,8,0.99991870843969,0.994602240395402
2023,"9",100,"ok",61507,3,3,4,1,0.991789552408669
2023,"10",100,"ok",61507,6,5,7,1,0.99920334270896
